,refreshrate,ram,ssd,rom,display,price,brandname_encoded,model_encoded,cpucore_I3,cpucore_I5,cpucore_I7,cpucore_I9,cpucore_ce,cpucore_m1,cpucore_pe,cpucore_ry,gpu_encoded,displayquality_4k,displayquality_4k_touch,displayquality_WQXGA,displayquality_fhd,displayquality_fhd_touch,displayquality_hd,displayquality_ips,displayquality_qhd,displayquality_retina,displayquality_uhd
0,144,16,256,0,16,84000,0,21,0,1,0,0,0,0,0,0,14,0,0,0,1,0,0,0,0,0,0
1,60,8,512,0,16,90000,0,21,0,1,0,0,0,0,0,0,14,0,0,0,0,0,1,0,0,0,0
2,144,8,256,0,14,89000,0,129,0,1,0,0,0,0,0,0,25,0,0,0,1,0,0,0,0,0,0
3,144,8,512,0,14,93000,0,129,0,1,0,0,0,0,0,0,25,0,0,0,1,0,0,0,0,0,0
4,144,8,512,0,14,115990,0,129,0,0,1,0,0,0,0,0,25,0,0,0,1,0,0,0,0,0,0
5,144,8,256,0,14,95000,0,129,0,0,0,0,0,0,0,1,9,0,0,0,1,0,0,0,0,0,0
6,144,8,0,1024,16,115000,0,87,0,1,0,0,0,0,0,0,18,0,0,0,1,0,0,0,0,0,0
7,144,8,256,0,16,118000,0,87,0,1,0,0,0,0,0,0,18,0,0,0,1,0,0,0,0,0,0
8,144,8,512,0,16,125000,0,87,0,1,0,0,0,0,0,0,18,0,0,0,1,0,0,0,0,0,0
9,144,8,0,1024,16,140000,0,87,0,1,0,0,0,0,0,0,26,0,0,0,1,0,0,0,0,0,0
10,144,8,256,0,16,145000,0,87,0,0,1,0,0,0,0,0,18,0,0,0,1,0,0,0,0,0,0
11,144,8,512,0,16,155000,0,87,0,0,1,0,0,0,0,0,18,0,0,0,1,0,0,0,0,0,0
12,144,8,0,1024,16,126000,0,87,0,0,0,0,0,0,0,1,18,0,0,0,1,0,0,0,0,0,0
13,144,8,256,0,16,123000,0,87,0,0,0,0,0,0,0,1,18,0,0,0,1,0,0,0,0,0,0
14,144,8,0,1024,16,137000,0,87,0,0,0,0,0,0,0,1,18,0,0,0,1,0,0,0,0,0,0
15,144,8,512,0,16,144000,0,87,0,0,1,0,0,0,0,0,18,0,0,0,1,0,0,0,0,0,0
16,144,8,512,0,16,149000,0,102,0,1,0,0,0,0,0,0,19,0,0,0,1,0,0,0,0,0,0
17,144,8,512,0,16,169000,0,102,0,1,0,0,0,0,0,0,19,0,0,0,1,0,0,0,0,0,0
18,144,16,512,0,16,190000,0,102,0,0,1,0,0,0,0,0,19,0,0,0,1,0,0,0,0,0,0
19,144,16,512,0,16,182000,0,102,0,0,1,0,0,0,0,0,26,0,0,0,1,0,0,0,0,0,0
20,144,16,512,0,16,235000,0,102,0,0,1,0,0,0,0,0,27,0,0,0,1,0,0,0,0,0,0
21,144,16,512,0,16,214000,0,102,0,0,1,0,0,0,0,0,27,0,0,0,1,0,0,0,0,0,0
22,144,16,512,0,16,265000,0,102,0,0,1,0,0,0,0,0,27,0,0,0,1,0,0,0,0,0,0
23,60,4,256,0,14,48000,2,144,0,0,0,0,1,0,0,0,14,0,0,0,0,0,1,0,0,0,0
24,144,8,256,0,14,83000,2,144,0,1,0,0,0,0,0,0,14,0,0,0,1,0,0,0,0,0,0
25,144,4,256,0,16,48000,2,144,0,0,0,0,1,0,0,0,14,0,0,0,1,0,0,0,0,0,0
26,144,8,256,0,16,87000,2,144,0,0,0,0,0,0,0,1,5,0,0,0,1,0,0,0,0,0,0
27,144,8,512,0,16,88000,2,144,0,1,0,0,0,0,0,0,14,0,0,0,1,0,0,0,0,0,0
28,144,8,1024,0,16,116000,2,144,0,0,1,0,0,0,0,0,24,0,0,0,1,0,0,0,0,0,0
29,144,8,512,0,14,106000,2,144,0,1,0,0,0,0,0,0,14,0,0,0,1,0,0,0,0,0,0
30,144,8,512,0,14,106666,2,144,0,1,0,0,0,0,0,0,14,0,0,0,1,0,0,0,0,0,0
31,144,16,512,0,14,131111,2,144,0,0,1,0,0,0,0,0,14,0,0,0,1,0,0,0,0,0,0
32,144,4,256,0,14,83000,2,144,1,0,0,0,0,0,0,0,14,0,0,0,1,0,0,0,0,0,0
33,144,8,512,0,14,108000,2,144,0,0,0,0,0,0,0,1,5,0,0,0,1,0,0,0,0,0,0
34,144,8,512,0,14,116000,2,144,0,0,0,0,0,0,0,1,5,0,0,0,1,0,0,0,0,0,0
35,144,8,512,0,16,128888,2,144,0,0,1,0,0,0,0,0,23,0,0,0,1,0,0,0,0,0,0
36,144,16,512,0,16,141111,2,144,0,0,1,0,0,0,0,0,25,0,0,0,1,0,0,0,0,0,0
37,144,8,512,0,13,125000,2,155,0,1,0,0,0,0,0,0,14,0,0,0,1,0,0,0,0,0,0
38,144,16,512,0,13,148000,2,155,0,0,1,0,0,0,0,0,11,0,0,0,1,0,0,0,0,0,0
39,144,8,512,0,13,133000,2,155,0,1,0,0,0,0,0,0,11,0,0,0,1,0,0,0,0,0,0
40,144,16,512,0,13,154000,2,155,0,0,1,0,0,0,0,0,11,0,0,0,1,0,0,0,0,0,0
41,144,8,512,0,14,142000,2,155,0,1,0,0,0,0,0,0,14,0,0,0,1,0,0,0,0,0,0
42,144,8,512,0,14,125000,2,155,0,1,0,0,0,0,0,0,14,0,0,0,1,0,0,0,0,0,0
43,144,8,512,0,14,133000,2,155,0,1,0,0,0,0,0,0,11,0,0,0,1,0,0,0,0,0,0
44,144,8,512,0,14,153000,2,155,0,1,0,0,0,0,0,0,20,0,0,0,1,0,0,0,0,0,0
45,144,16,512,0,14,176000,2,155,0,0,1,0,0,0,0,0,20,0,0,0,1,0,0,0,0,0,0
46,144,16,512,0,14,154000,2,155,0,0,1,0,0,0,0,0,11,0,0,0,1,0,0,0,0,0,0
47,144,16,1024,0,16,207000,2,155,0,0,1,0,0,0,0,0,17,0,0,0,1,0,0,0,0,0,0
48,144,8,512,0,14,134000,2,155,0,1,0,0,0,0,0,0,14,0,0,0,1,0,0,0,0,0,0
49,144,8,512,0,13,128000,2,155,0,1,0,0,0,0,0,0,11,0,0,0,1,0,0,0,0,0,0
50,144,16,512,0,13,176000,2,155,0,0,1,0,0,0,0,0,11,0,0,0,1,0,0,0,0,0,0
51,144,16,1024,0,14,215000,2,155,0,0,1,0,0,0,0,0,20,0,0,0,1,0,0,0,0,0,0
52,144,8,512,0,16,120000,2,135,0,1,0,0,0,0,0,0,18,0,0,0,1,0,0,0,0,0,0
53,144,16,512,0,16,125000,2,135,0,1,0,0,0,0,0,0,18,0,0,0,1,0,0,0,0,0,0
54,144,16,512,0,16,183333,2,135,0,0,1,0,0,0,0,0,19,0,0,0,1,0,0,0,0,0,0
55,144,8,512,0,16,148000,2,135,0,0,1,0,0,0,0,0,18,0,0,0,1,0,0,0,0,0,0
56,144,16,512,0,16,157777,2,135,0,0,1,0,0,0,0,0,18,0,0,0,1,0,0,0,0,0,0
57,144,8,512,0,16,183000,2,134,0,1,0,0,0,0,0,0,29,0,0,0,1,0,0,0,0,0,0
58,144,8,512,0,16,215000,2,134,0,0,1,0,0,0,0,0,29,0,0,0,1,0,0,0,0,0,0
59,240,16,1024,0,16,183000,2,134,0,0,1,0,0,0,0,0,30,0,0,0,1,0,0,0,0,0,0
60,144,16,512,0,16,152000,2,133,0,0,1,0,0,0,0,0,18,0,0,0,1,0,0,0,0,0,0
61,144,16,512,0,16,161000,2,133,0,0,1,0,0,0,0,0,19,0,0,0,1,0,0,0,0,0,0
62,144,16,512,0,16,148000,2,112,0,1,0,0,0,0,0,0,18,0,0,0,1,0,0,0,0,0,0
63,144,16,512,0,16,168800,2,112,0,0,1,0,0,0,0,0,18,0,0,0,1,0,0,0,0,0,0
64,300,16,1024,0,16,410000,2,112,0,0,0,0,0,0,0,1,31,0,0,0,1,0,0,0,0,0,0
65,120,16,512,0,14,200000,2,157,0,0,1,0,0,0,0,0,19,0,0,0,1,0,0,0,0,0,0
66,60,4,0,1024,16,58750,4,76,1,0,0,0,0,0,0,0,14,0,0,0,0,0,1,0,0,0,0
67,144,4,0,1024,16,86235,4,76,0,1,0,0,0,0,0,0,24,0,0,0,1,0,0,0,0,0,0
68,144,8,256,0,13,102000,4,76,0,1,0,0,0,0,0,0,14,0,0,0,1,0,0,0,0,0,0
69,144,8,256,0,13,103000,4,76,0,1,0,0,0,0,0,0,14,0,0,0,1,0,0,0,0,0,0
70,144,8,512,0,13,126270,4,76,0,1,0,0,0,0,0,0,25,0,0,0,1,0,0,0,0,0,0
71,144,8,512,0,13,140490,4,76,0,0,1,0,0,0,0,0,25,0,0,0,1,0,0,0,0,0,0
72,144,8,512,0,14,126380,4,76,0,1,0,0,0,0,0,0,13,0,0,0,1,0,0,0,0,0,0
73,144,8,512,0,14,135835,4,76,0,1,0,0,0,0,0,0,22,0,0,0,1,0,0,0,0,0,0
74,144,8,512,0,14,154455,4,76,0,0,1,0,0,0,0,0,22,0,0,0,1,0,0,0,0,0,0
75,144,8,256,0,16,120000,4,76,0,0,1,0,0,0,0,0,14,0,0,0,1,0,0,0,0,0,0
76,144,8,512,0,16,113905,4,76,0,0,1,0,0,0,0,0,5,0,0,0,1,0,0,0,0,0,0
77,144,8,512,0,16,95000,4,76,0,1,0,0,0,0,0,0,22,0,0,0,1,0,0,0,0,0,0
78,144,8,512,0,13,161405,4,76,0,1,0,0,0,0,0,0,11,0,0,0,1,0,0,0,0,0,0
79,144,16,512,0,13,189905,4,76,0,0,1,0,0,0,0,0,11,1,0,0,0,0,0,0,0,0,0
80,144,8,256,0,13,118000,4,76,0,1,0,0,0,0,0,0,11,0,0,0,1,0,0,0,0,0,0
81,144,8,512,0,13,120000,4,76,0,1,0,0,0,0,0,0,11,1,0,0,0,0,0,0,0,0,0
82,144,8,256,0,13,148000,4,76,0,0,1,0,0,0,0,0,11,0,0,0,1,0,0,0,0,0,0
83,144,16,512,0,13,157000,4,76,0,0,1,0,0,0,0,0,11,1,0,0,0,0,0,0,0,0,0
84,144,8,256,0,14,118000,4,76,0,1,0,0,0,0,0,0,11,0,0,0,1,0,0,0,0,0,0
85,144,8,512,0,14,120000,4,76,0,0,1,0,0,0,0,0,11,0,0,0,1,0,0,0,0,0,0
86,144,8,256,0,14,125000,4,76,0,0,1,0,0,0,0,0,11,0,0,0,1,0,0,0,0,0,0
87,144,8,512,0,14,125000,4,76,0,1,0,0,0,0,0,0,11,0,0,0,1,0,0,0,0,0,0
88,144,16,512,0,14,156000,4,76,0,0,1,0,0,0,0,0,11,0,0,0,1,0,0,0,0,0,0
89,144,16,1024,0,16,175000,4,76,0,0,1,0,0,0,0,0,11,0,0,0,1,0,0,0,0,0,0
90,144,8,512,0,16,125000,4,38,0,1,0,0,0,0,0,0,18,0,0,0,1,0,0,0,0,0,0
91,144,16,512,0,16,135000,4,38,0,1,0,0,0,0,0,0,19,0,0,0,1,0,0,0,0,0,0
92,144,8,512,0,16,205105,4,40,0,0,1,0,0,0,0,0,27,0,0,0,1,0,0,0,0,0,0
93,144,16,1024,0,16,242250,4,40,0,0,1,0,0,0,0,0,27,0,0,0,1,0,0,0,0,0,0
94,144,8,512,0,16,152800,4,40,0,0,1,0,0,0,0,0,6,0,0,0,1,0,0,0,0,0,0
95,144,8,512,0,16,158000,4,40,0,0,1,0,0,0,0,0,6,0,0,0,1,0,0,0,0,0,0
96,144,16,512,0,16,158800,4,40,0,0,1,0,0,0,0,0,6,0,0,0,1,0,0,0,0,0,0
97,144,16,512,0,16,237500,4,45,0,0,1,0,0,0,0,0,26,0,0,0,1,0,0,0,0,0,0
98,300,16,512,0,16,310000,4,18,0,0,1,0,0,0,0,0,27,0,0,0,1,0,0,0,0,0,0
99,60,4,0,1024,14,60000,4,146,1,0,0,0,0,0,0,0,14,0,0,0,0,0,1,0,0,0,0
100,144,4,0,1024,14,77500,4,146,0,1,0,0,0,0,0,0,11,0,0,0,1,0,0,0,0,0,0
101,60,4,0,1024,14,57500,4,146,1,0,0,0,0,0,0,0,14,0,0,0,0,0,1,0,0,0,0
102,144,4,0,1024,14,60040,4,146,1,0,0,0,0,0,0,0,14,0,0,0,1,0,0,0,0,0,0
103,144,8,512,0,16,112000,4,146,0,0,1,0,0,0,0,0,24,0,0,0,1,0,0,0,0,0,0
104,144,4,0,1024,16,77501,4,146,0,1,0,0,0,0,0,0,11,0,0,0,1,0,0,0,0,0,0
105,60,8,256,0,14,85000,4,146,0,1,0,0,0,0,0,0,11,0,0,0,0,0,1,0,0,0,0
106,60,8,256,0,14,90000,4,146,0,1,0,0,0,0,0,0,15,0,0,0,0,0,1,0,0,0,0
107,60,4,0,1024,14,57500,4,146,1,0,0,0,0,0,0,0,14,0,0,0,0,0,1,0,0,0,0
108,60,4,0,1024,14,82500,4,79,0,1,0,0,0,0,0,0,14,0,0,0,0,0,1,0,0,0,0
109,144,8,256,0,13,140000,4,148,0,1,0,0,0,0,0,0,14,0,0,0,1,0,0,0,0,0,0
110,144,8,256,0,13,144800,4,148,0,1,0,0,0,0,0,0,14,0,0,0,1,0,0,0,0,0,0
111,144,16,512,0,13,200000,4,148,0,0,1,0,0,0,0,0,14,0,0,0,1,0,0,0,0,0,0
112,144,8,512,0,13,214740,4,148,0,1,0,0,0,0,0,0,13,0,0,0,1,0,0,0,0,0,0
113,144,8,256,0,13,228050,4,148,0,1,0,0,0,0,0,0,13,0,0,0,1,0,0,0,0,0,0
114,144,16,512,0,13,308850,4,148,0,1,0,0,0,0,0,0,13,0,0,0,1,0,0,0,0,0,0
115,144,16,512,0,13,210800,4,148,0,0,1,0,0,0,0,0,13,1,0,0,0,0,0,0,0,0,0
116,144,8,512,0,16,174800,4,148,0,1,0,0,0,0,0,0,14,0,0,0,1,0,0,0,0,0,0
117,144,16,512,0,16,258800,4,148,0,0,1,0,0,0,0,0,18,1,0,0,0,0,0,0,0,0,0
118,144,16,512,0,16,268800,4,148,0,0,1,0,0,0,0,0,18,1,0,0,0,0,0,0,0,0,0
119,144,8,0,0,14,61990,6,159,1,0,0,0,0,0,0,0,14,0,0,0,1,0,0,0,0,0,0
120,60,8,0,0,14,78990,6,159,0,1,0,0,0,0,0,0,14,0,0,0,0,0,1,0,0,0,0
121,60,8,0,0,16,64990,6,159,1,0,0,0,0,0,0,0,14,0,0,0,0,0,1,0,0,0,0
122,60,8,0,0,14,64800,6,159,1,0,0,0,0,0,0,0,14,0,0,0,0,0,1,0,0,0,0
123,60,4,0,0,14,79990,6,159,0,1,0,0,0,0,0,0,5,0,0,0,0,0,1,0,0,0,0
124,60,8,128,1024,14,86990,6,159,0,1,0,0,0,0,0,0,5,0,0,0,0,0,1,0,0,0,0
125,60,8,256,0,16,99990,6,159,0,0,1,0,0,0,0,0,11,0,0,0,0,0,1,0,0,0,0
126,144,8,256,0,14,63000,6,88,1,0,0,0,0,0,0,0,14,0,0,0,1,0,0,0,0,0,0
127,144,4,512,0,14,68500,6,88,1,0,0,0,0,0,0,0,14,0,0,0,1,0,0,0,0,0,0
128,144,4,0,1024,14,89000,6,88,0,1,0,0,0,0,0,0,21,0,0,0,1,0,0,0,0,0,0
129,144,8,256,0,14,110000,6,100,0,1,0,0,0,0,0,0,14,0,0,0,1,0,0,0,0,0,0
130,144,8,512,0,14,115000,6,100,0,1,0,0,0,0,0,0,13,0,0,0,1,0,0,0,0,0,0
131,144,8,512,0,16,99990,6,100,0,0,0,0,0,0,0,1,5,0,0,0,1,0,0,0,0,0,0
132,144,8,256,0,16,108000,6,100,0,0,0,0,0,0,0,1,18,0,0,0,1,0,0,0,0,0,0
133,144,4,256,0,16,106800,6,100,0,0,0,0,0,0,0,1,18,0,0,0,1,0,0,0,0,0,0
134,144,8,512,0,16,134800,6,100,0,1,0,0,0,0,0,0,19,0,0,0,1,0,0,0,0,0,0
135,144,8,512,0,16,146800,6,100,0,0,1,0,0,0,0,0,18,0,0,0,1,0,0,0,0,0,0
136,144,8,256,0,13,114990,6,31,0,1,0,0,0,0,0,0,13,0,0,0,1,0,0,0,0,0,0
137,144,8,256,0,13,120000,6,31,0,1,0,0,0,0,0,0,13,0,0,0,1,0,0,0,0,0,0
138,144,8,512,0,13,148000,6,31,0,0,1,0,0,0,0,0,12,1,0,0,0,0,0,0,0,0,0
139,144,8,512,0,13,140000,6,31,0,0,1,0,0,0,0,0,13,0,0,0,1,0,0,0,0,0,0
140,144,8,512,0,16,160000,6,160,0,0,1,0,0,0,0,0,19,0,0,0,1,0,0,0,0,0,0
141,144,16,1024,0,16,175000,6,160,0,0,1,0,0,0,0,0,19,0,0,0,1,0,0,0,0,0,0
142,144,8,256,0,13,142000,6,161,0,1,0,0,0,0,0,0,12,0,0,0,1,0,0,0,0,0,0
143,144,8,512,0,13,185000,6,161,0,0,1,0,0,0,0,0,12,0,0,0,1,0,0,0,0,0,0
144,144,16,512,0,16,225000,6,161,0,0,1,0,0,0,0,0,23,1,0,0,0,0,0,0,0,0,0
145,60,4,0,1024,14,82000,8,143,0,1,0,0,0,0,0,0,14,0,0,0,0,0,1,0,0,0,0
146,60,4,0,1024,14,59800,8,70,1,0,0,0,0,0,0,0,14,0,0,0,0,0,1,0,0,0,0
147,60,8,256,0,13,119990,8,70,0,0,1,0,0,0,0,0,14,0,0,0,0,0,1,0,0,0,0
148,60,16,512,0,13,129990,8,70,0,0,1,0,0,0,0,0,14,0,0,0,0,0,1,0,0,0,0
149,144,8,512,0,14,75990,8,70,0,1,0,0,0,0,0,0,14,0,0,0,1,0,0,0,0,0,0
150,144,8,256,0,14,85000,8,70,0,1,0,0,0,0,0,0,14,0,0,0,1,0,0,0,0,0,0
151,144,4,256,0,14,74000,8,70,0,0,0,0,0,0,0,1,5,0,0,0,1,0,0,0,0,0,0
152,144,16,512,0,14,134990,8,70,0,0,1,0,0,0,0,0,25,0,0,0,1,0,0,0,0,0,0
153,144,8,256,1024,16,139000,8,70,0,0,1,0,0,0,0,0,18,0,0,0,1,0,0,0,0,0,0
154,144,16,256,1024,16,152000,8,70,0,0,1,0,0,0,0,0,18,0,0,0,1,0,0,0,0,0,0
155,144,16,256,0,14,110000,8,33,0,0,0,0,0,0,0,1,5,0,0,0,1,0,0,0,0,0,0
156,144,8,512,0,14,124990,8,33,0,0,1,0,0,0,0,0,14,0,0,0,1,0,0,0,0,0,0
157,144,16,256,0,14,118000,8,33,0,0,0,0,0,0,0,1,5,0,0,0,1,0,0,0,0,0,0
158,144,8,256,0,14,105000,8,151,0,1,0,0,0,0,0,0,14,0,0,0,1,0,0,0,0,0,0
159,144,8,512,0,13,169000,8,151,0,0,1,0,0,0,0,0,12,0,0,0,1,0,0,0,0,0,0
160,144,8,256,0,16,115000,8,151,0,1,0,0,0,0,0,0,13,0,0,0,1,0,0,0,0,0,0
161,60,8,512,0,13,145000,8,151,0,1,0,0,0,0,0,0,14,0,0,0,0,0,1,0,0,0,0
162,144,8,256,0,16,115000,8,151,0,1,0,0,0,0,0,0,13,0,0,0,1,0,0,0,0,0,0
163,144,12,512,0,14,135000,8,151,0,0,1,0,0,0,0,0,13,0,0,0,1,0,0,0,0,0,0
164,144,16,1024,0,13,185000,8,151,0,0,1,0,0,0,0,0,13,0,0,1,0,0,0,0,0,0,0
165,144,16,512,0,14,198000,8,151,0,0,1,0,0,0,0,0,13,0,0,0,0,1,0,0,0,0,0
166,144,8,0,1024,14,108800,8,139,0,1,0,0,0,0,0,0,14,0,0,0,1,0,0,0,0,0,0
167,144,8,256,0,14,138800,8,139,0,0,1,0,0,0,0,0,14,0,0,0,1,0,0,0,0,0,0
168,144,8,256,0,13,135000,8,139,0,1,0,0,0,0,0,0,14,0,0,0,1,0,0,0,0,0,0
169,144,8,256,0,14,144000,8,139,0,1,0,0,0,0,0,0,14,0,0,0,1,0,0,0,0,0,0
170,144,8,256,0,14,145000,8,139,0,1,0,0,0,0,0,0,14,0,0,0,1,0,0,0,0,0,0
171,144,16,256,0,13,143000,8,139,0,0,0,0,0,0,0,1,5,0,0,0,1,0,0,0,0,0,0
172,144,8,256,0,13,159000,8,139,0,1,0,0,0,0,0,0,14,0,0,0,1,0,0,0,0,0,0
173,144,8,256,0,13,179000,8,139,0,1,0,0,0,0,0,0,14,0,0,0,1,0,0,0,0,0,0
174,144,16,512,0,13,198000,8,139,0,1,0,0,0,0,0,0,14,0,0,0,1,0,0,0,0,0,0
175,120,8,512,0,16,154800,8,80,0,0,0,0,0,0,0,1,26,0,0,0,1,0,0,0,0,0,0
176,120,16,512,0,16,160800,8,80,0,0,0,0,0,0,0,1,26,0,0,0,1,0,0,0,0,0,0
177,120,8,256,0,16,150000,8,80,0,0,1,0,0,0,0,0,18,0,0,0,1,0,0,0,0,0,0
178,120,16,512,0,16,170800,8,80,0,0,1,0,0,0,0,0,19,0,0,0,1,0,0,0,0,0,0
179,120,16,512,0,16,190800,8,80,0,0,1,0,0,0,0,0,26,0,0,0,1,0,0,0,0,0,0
180,120,8,512,0,16,142800,8,80,0,0,1,0,0,0,0,0,18,0,0,0,1,0,0,0,0,0,0
181,120,8,512,1024,16,154800,8,80,0,0,1,0,0,0,0,0,19,0,0,0,1,0,0,0,0,0,0
182,144,16,256,0,16,184800,8,80,0,0,1,0,0,0,0,0,26,0,0,0,1,0,0,0,0,0,0
183,240,16,512,0,16,195000,8,80,0,0,1,0,0,0,0,0,26,0,0,0,1,0,0,0,0,0,0
184,144,16,1024,0,16,238800,8,80,0,0,1,0,0,0,0,0,27,0,0,0,1,0,0,0,0,0,0
185,144,8,256,0,13,159500,1,82,0,0,0,0,0,1,0,0,11,0,0,0,1,0,0,0,0,0,0
186,144,8,512,0,13,203000,1,82,0,0,0,0,0,1,0,0,11,0,0,0,1,0,0,0,0,0,0
187,144,8,256,0,13,205000,1,82,0,0,0,0,0,1,0,0,11,0,0,0,1,0,0,0,0,0,0
188,144,8,512,0,13,240000,1,82,0,0,0,0,0,1,0,0,11,0,0,0,1,0,0,0,0,0,0
189,144,16,256,0,13,240000,1,82,0,0,0,0,0,1,0,0,11,0,0,0,1,0,0,0,0,0,0
190,144,16,512,0,13,275000,1,82,0,0,0,0,0,1,0,0,11,0,0,0,1,0,0,0,0,0,0
191,144,16,512,0,16,229000,12,170,0,0,1,0,0,0,0,0,19,0,0,0,1,0,0,0,0,0,0
192,144,16,512,0,16,239000,12,170,0,0,1,0,0,0,0,0,26,0,0,0,1,0,0,0,0,0,0
193,144,16,512,0,16,265000,12,167,0,0,1,0,0,0,0,0,26,0,0,0,1,0,0,0,0,0,0
194,144,16,512,0,16,255000,12,167,0,0,1,0,0,0,0,0,19,0,0,0,1,0,0,0,0,0,0
195,144,32,1024,0,16,386000,12,167,0,0,1,0,0,0,0,0,27,0,0,0,1,0,0,0,0,0,0
196,144,16,1024,0,16,306000,12,167,0,0,1,0,0,0,0,0,27,0,0,0,1,0,0,0,0,0,0
197,144,16,2048,0,16,320000,12,167,0,0,1,0,0,0,0,0,30,0,0,0,1,0,0,0,0,0,0
198,144,32,2048,0,16,350000,12,167,0,0,1,0,0,0,0,0,30,0,0,0,1,0,0,0,0,0,0
199,144,16,512,0,16,205000,12,167,0,0,1,0,0,0,0,0,19,0,0,0,1,0,0,0,0,0,0
200,144,16,1024,0,16,259000,12,167,0,0,1,0,0,0,0,0,29,0,0,0,1,0,0,0,0,0,0
201,144,16,1024,0,16,259000,12,167,0,0,1,0,0,0,0,0,29,0,0,0,1,0,0,0,0,0,0
202,144,16,512,0,16,189000,12,167,0,0,1,0,0,0,0,0,19,0,0,0,1,0,0,0,0,0,0
203,144,8,512,1024,16,250000,12,167,0,0,1,0,0,0,0,0,27,0,0,0,1,0,0,0,0,0,0
204,144,8,512,0,16,137000,12,167,0,0,1,0,0,0,0,0,18,0,0,0,1,0,0,0,0,0,0
205,120,8,1024,0,16,145000,12,167,0,1,0,0,0,0,0,0,19,0,0,0,1,0,0,0,0,0,0
206,144,8,1024,0,16,175000,12,167,0,0,1,0,0,0,0,0,19,0,0,0,1,0,0,0,0,0,0
207,144,16,512,0,16,198000,12,167,0,1,0,0,0,0,0,0,29,0,0,0,1,0,0,0,0,0,0
208,144,16,512,0,16,220000,12,167,0,0,1,0,0,0,0,0,29,0,0,0,1,0,0,0,0,0,0
209,144,8,1024,0,16,155000,12,165,0,0,1,0,0,0,0,0,11,0,0,0,1,0,0,0,0,0,0
210,144,32,512,0,16,360000,12,166,0,0,1,0,0,0,0,0,27,1,0,0,0,0,0,0,0,0,0
211,144,16,512,0,16,173000,12,169,0,1,0,0,0,0,0,0,13,0,0,0,1,0,0,0,0,0,0
212,144,16,512,0,16,193000,12,169,0,0,1,0,0,0,0,0,13,0,0,0,1,0,0,0,0,0,0
213,144,16,512,0,16,241000,12,169,0,0,1,0,0,0,0,0,18,0,0,0,1,0,0,0,0,0,0
214,144,8,512,0,16,110000,12,168,0,1,0,0,0,0,0,0,11,0,0,0,0,0,0,0,0,0,1
215,144,8,512,0,14,135000,12,168,0,1,0,0,0,0,0,0,6,0,0,0,1,0,0,0,0,0,0
216,144,8,512,0,14,147000,12,168,0,0,1,0,0,0,0,0,6,0,0,0,1,0,0,0,0,0,0
217,144,8,512,0,16,137000,12,168,0,1,0,0,0,0,0,0,6,0,0,0,1,0,0,0,0,0,0
218,144,8,512,0,16,148000,12,168,0,0,1,0,0,0,0,0,6,0,0,0,1,0,0,0,0,0,0
219,144,8,512,0,16,138000,12,170,0,1,0,0,0,0,0,0,13,0,0,0,1,0,0,0,0,0,0
220,144,8,512,0,16,168000,12,170,0,0,1,0,0,0,0,0,13,0,0,0,1,0,0,0,0,0,0
221,144,16,1024,0,16,249000,12,170,0,0,1,0,0,0,0,0,18,0,0,0,1,0,0,0,0,0,0
222,144,16,1024,0,16,259000,12,170,0,0,1,0,0,0,0,0,18,1,0,0,0,0,0,0,0,0,0
223,144,4,128,0,12,117000,10,84,1,0,0,0,0,0,0,0,11,0,0,0,1,0,0,0,0,0,0
224,144,8,128,0,12,142000,10,84,0,1,0,0,0,0,0,0,11,0,0,0,1,0,0,0,0,0,0
225,144,8,256,0,12,188000,10,84,0,1,0,0,0,0,0,0,11,0,0,0,1,0,0,0,0,0,0
226,144,16,256,0,12,228000,10,84,0,0,1,0,0,0,0,0,11,0,0,0,1,0,0,0,0,0,0
227,144,8,128,0,14,159000,10,84,0,1,0,0,0,0,0,0,11,0,0,0,1,0,0,0,0,0,0
228,144,8,128,0,15,187000,10,84,0,0,0,0,0,0,0,1,9,0,0,0,1,0,0,0,0,0,0
229,120,16,512,0,16,289000,13,119,0,0,1,0,0,0,0,0,18,0,0,0,1,0,0,0,0,0,0
230,144,16,512,0,16,279000,13,119,0,0,1,0,0,0,0,0,26,0,0,0,1,0,0,0,0,0,0
231,144,16,512,0,16,310000,13,119,0,0,1,0,0,0,0,0,27,0,0,0,1,0,0,0,0,0,0
232,144,8,256,0,16,75000,15,97,0,0,1,0,0,0,0,0,13,0,0,0,1,0,0,0,0,0,0
233,144,8,256,0,16,120000,15,20,0,1,0,0,0,0,0,0,18,0,0,0,1,0,0,0,0,0,0
234,144,8,256,0,16,175000,15,20,0,0,1,0,0,0,0,0,26,0,0,0,1,0,0,0,0,0,0
235,144,16,256,0,16,200000,15,20,0,0,1,0,0,0,0,0,29,0,0,0,1,0,0,0,0,0,0
236,144,8,256,0,16,150000,15,117,0,1,0,0,0,0,0,0,28,0,0,0,1,0,0,0,0,0,0
237,144,8,256,0,16,200000,15,118,0,0,1,0,0,0,0,0,28,0,0,0,1,0,0,0,0,0,0
238,144,8,256,0,16,185000,15,65,0,0,0,0,0,0,0,1,26,0,0,0,1,0,0,0,0,0,0
239,144,8,256,0,16,225000,15,65,0,0,0,0,0,0,0,1,27,0,0,0,1,0,0,0,0,0,0
240,144,8,256,0,16,86000,6,10,0,1,0,0,0,0,0,0,11,0,0,0,1,0,0,0,0,0,0
241,144,8,256,0,16,115000,2,135,0,1,0,0,0,0,0,0,18,0,0,0,1,0,0,0,0,0,0
242,144,8,256,0,16,112000,6,94,0,1,0,0,0,0,0,0,18,0,0,0,1,0,0,0,0,0,0
243,144,12,256,0,24,88000,6,12,1,0,0,0,0,0,0,0,11,0,0,0,1,0,0,0,0,0,0
244,144,4,128,1024,16,63500,6,6,0,0,0,0,0,0,0,1,11,0,0,0,1,0,0,0,0,0,0
245,144,8,0,1024,14,78500,8,142,0,0,0,0,0,0,0,1,5,0,0,0,1,0,0,0,0,0,0
246,144,8,256,0,14,84000,6,67,0,1,0,0,0,0,0,0,11,0,0,0,1,0,0,0,0,0,0
247,144,4,0,1024,14,56000,6,67,0,0,0,0,0,0,0,1,9,0,0,0,1,0,0,0,0,0,0
248,144,8,256,0,14,85000,6,100,0,1,0,0,0,0,0,0,11,0,0,0,1,0,0,0,0,0,0
249,60,8,512,0,14,155000,8,80,0,0,1,0,0,0,0,0,17,0,0,0,0,0,1,0,0,0,0
250,60,8,512,0,13,116000,4,76,0,0,1,0,0,0,0,0,3,0,0,0,0,0,1,0,0,0,0
251,144,8,256,0,16,107000,8,151,0,1,0,0,0,0,0,0,11,0,0,0,0,1,0,0,0,0,0
252,60,8,256,0,16,80000,6,68,0,1,0,0,0,0,0,0,11,0,0,0,0,0,1,0,0,0,0
253,144,8,0,1024,16,74000,6,69,0,0,0,0,0,0,0,1,11,0,0,0,1,0,0,0,0,0,0
254,60,4,0,1024,16,76000,6,7,0,1,0,0,0,0,0,0,11,0,0,0,0,0,1,0,0,0,0
255,144,8,256,0,14,84000,6,66,0,1,0,0,0,0,0,0,11,0,0,0,1,0,0,0,0,0,0
256,60,8,256,0,16,86000,6,68,0,1,0,0,0,0,0,0,11,0,0,0,0,0,1,0,0,0,0
257,60,8,256,0,14,65000,6,67,1,0,0,0,0,0,0,0,11,0,0,0,0,0,1,0,0,0,0
258,144,8,512,0,16,115000,4,146,0,0,1,0,0,0,0,0,20,0,0,0,1,0,0,0,0,0,0
259,60,4,0,1024,14,57500,4,146,1,0,0,0,0,0,0,0,11,0,0,0,0,0,1,0,0,0,0
260,144,8,256,0,16,63000,8,71,1,0,0,0,0,0,0,0,11,0,0,0,1,0,0,0,0,0,0
261,60,8,0,1024,14,95000,8,139,0,1,0,0,0,0,0,0,5,0,0,0,0,0,1,0,0,0,0
262,144,8,256,0,13,95000,8,70,0,1,0,0,0,0,0,0,11,0,0,0,0,0,0,0,1,0,0
263,144,4,0,1024,16,56000,8,70,1,0,0,0,0,0,0,0,11,0,0,0,1,0,0,0,0,0,0
264,144,8,256,0,13,138000,1,82,1,0,0,0,0,0,0,0,11,0,0,0,0,0,0,0,0,1,0
265,144,8,512,0,13,195000,1,82,0,1,0,0,0,0,0,0,11,0,0,0,0,0,0,0,0,1,0
266,144,8,512,0,13,205000,1,82,0,0,0,0,0,1,0,0,11,0,0,0,1,0,0,0,0,0,0
267,144,8,512,0,14,115000,4,76,0,0,1,0,0,0,0,0,11,0,0,0,1,0,0,0,0,0,0
268,60,8,512,0,16,85000,0,21,0,1,0,0,0,0,0,0,11,0,0,0,0,0,1,0,0,0,0
269,144,8,256,0,14,88000,0,129,0,0,0,0,0,0,0,1,11,0,0,0,1,0,0,0,0,0,0
270,144,8,512,0,14,96000,0,129,0,0,0,0,0,0,0,1,11,0,0,0,1,0,0,0,0,0,0
271,144,8,256,0,16,108000,0,87,0,0,0,0,0,0,0,1,16,0,0,0,1,0,0,0,0,0,0
272,144,8,256,0,16,112000,0,87,0,1,0,0,0,0,0,0,18,0,0,0,1,0,0,0,0,0,0
273,144,8,256,0,13,116000,6,31,0,1,0,0,0,0,0,0,11,0,0,0,1,0,0,0,0,0,0
274,144,12,512,0,14,132000,8,152,0,0,1,0,0,0,0,0,11,0,0,0,0,1,0,0,0,0,0
275,144,8,512,0,14,115000,8,33,0,0,1,0,0,0,0,0,11,0,0,0,0,1,0,0,0,0,0
276,144,8,256,0,14,74000,8,33,0,0,0,0,0,0,0,1,11,0,0,0,0,1,0,0,0,0,0
277,60,8,512,0,16,145000,8,80,0,0,1,0,0,0,0,0,17,0,0,0,0,0,1,0,0,0,0
278,60,8,256,0,16,64000,8,71,1,0,0,0,0,0,0,0,11,0,0,0,0,0,1,0,0,0,0
279,144,16,256,0,16,165000,8,151,0,0,1,0,0,0,0,0,11,0,0,0,0,1,0,0,0,0,0
280,144,16,512,0,14,100000,8,70,0,1,0,0,0,0,0,0,11,0,0,0,0,1,0,0,0,0,0
281,144,8,512,0,14,82000,8,70,0,1,0,0,0,0,0,0,11,0,0,0,1,0,0,0,0,0,0
282,60,16,512,0,16,180000,8,80,0,0,1,0,0,0,0,0,11,0,0,0,0,0,1,0,0,0,0
283,144,12,512,0,14,132000,8,151,0,0,1,0,0,0,0,0,11,0,0,0,0,1,0,0,0,0,0
284,144,8,512,0,14,92000,8,33,0,1,0,0,0,0,0,0,11,0,0,0,1,0,0,0,0,0,0
285,144,8,0,1024,14,78500,8,142,0,0,0,0,0,0,0,1,5,0,0,0,1,0,0,0,0,0,0
286,60,4,0,1024,14,45000,8,142,0,0,0,0,1,0,0,0,26,0,0,0,0,0,1,0,0,0,0
287,144,16,512,0,13,190000,4,148,0,0,1,0,0,0,0,0,2,0,0,0,0,1,0,0,0,0,0
288,60,8,256,0,14,109500,4,76,0,0,0,0,0,0,0,1,11,0,0,0,0,0,1,0,0,0,0
289,144,16,512,0,13,166000,4,76,0,0,1,0,0,0,0,0,11,0,0,0,0,0,0,0,0,0,1
290,144,8,256,0,16,150000,4,41,0,0,1,0,0,0,0,0,17,0,0,0,1,0,0,0,0,0,0
291,144,8,256,0,14,95000,2,156,0,0,0,0,0,0,0,1,16,0,0,0,1,0,0,0,0,0,0
292,144,4,128,0,16,60000,2,144,1,0,0,0,0,0,0,0,11,0,0,0,1,0,0,0,0,0,0
293,60,4,256,0,14,48000,2,27,0,0,0,0,1,0,0,0,11,0,0,0,0,0,1,0,0,0,0
294,144,16,512,0,16,155000,2,137,0,0,1,0,0,0,0,0,17,0,0,0,0,0,1,0,0,0,0
295,60,4,128,0,14,57500,2,145,0,0,0,0,0,0,1,0,11,0,0,0,0,0,1,0,0,0,0
296,144,8,512,0,14,108000,2,144,0,0,0,0,0,0,0,1,11,0,0,0,0,1,0,0,0,0,0
297,144,8,512,0,14,112000,2,145,0,1,0,0,0,0,0,0,11,0,0,0,1,0,0,0,0,0,0
298,144,8,256,0,16,86000,2,144,0,1,0,0,0,0,0,0,11,0,0,0,0,1,0,0,0,0,0
299,144,16,1,0,16,200000,2,113,0,0,0,0,0,0,0,1,16,0,0,0,1,0,0,0,0,0,0
300,144,8,256,0,16,115000,2,135,0,1,0,0,0,0,0,0,18,0,0,0,1,0,0,0,0,0,0
301,60,4,0,1024,14,59000,6,67,0,0,0,0,0,0,0,1,9,0,0,0,0,0,1,0,0,0,0
302,144,8,256,0,16,85000,6,5,0,1,0,0,0,0,0,0,11,0,0,0,1,0,0,0,0,0,0
303,144,8,512,0,13,138000,6,31,0,0,1,0,0,0,0,0,11,0,0,0,0,1,0,0,0,0,0
304,144,8,256,1024,16,160000,6,89,0,0,1,0,0,0,0,0,17,0,0,0,1,0,0,0,0,0,0
305,144,8,256,0,16,89000,6,10,0,1,0,0,0,0,0,0,11,0,0,0,1,0,0,0,0,0,0
306,144,8,256,0,14,75000,6,67,1,0,0,0,0,0,0,0,11,0,0,0,0,1,0,0,0,0,0
307,144,8,256,0,14,95000,6,100,0,1,0,0,0,0,0,0,11,0,0,0,1,0,0,0,0,0,0
308,144,8,128,0,14,74000,6,100,1,0,0,0,0,0,0,0,11,0,0,0,0,1,0,0,0,0,0
309,60,12,256,0,16,94500,6,5,0,1,0,0,0,0,0,0,11,0,0,0,0,0,1,0,0,0,0
310,60,4,0,1024,14,56000,6,67,0,0,0,0,0,0,0,1,11,0,0,0,0,0,1,0,0,0,0
311,144,8,256,0,14,92000,6,100,0,1,0,0,0,0,0,0,11,0,0,0,1,0,0,0,0,0,0
312,60,8,256,0,14,75000,6,67,1,0,0,0,0,0,0,0,11,0,0,0,0,0,1,0,0,0,0
313,60,8,256,0,14,84000,6,67,0,1,0,0,0,0,0,0,11,0,0,0,0,0,1,0,0,0,0
314,144,4,128,1024,16,63500,6,68,0,0,0,0,0,0,0,1,11,0,0,0,1,0,0,0,0,0,0
315,144,12,256,0,24,88000,6,12,1,0,0,0,0,0,0,0,11,0,0,0,1,0,0,0,0,0,0
316,144,8,256,0,16,112000,6,94,0,1,0,0,0,0,0,0,18,0,0,0,1,0,0,0,0,0,0
317,144,8,256,0,16,86000,6,10,0,1,0,0,0,0,0,0,11,0,0,0,1,0,0,0,0,0,0
318,144,16,512,0,16,209990,2,134,0,0,1,0,0,0,0,0,11,0,0,0,1,0,0,0,0,0,0
319,144,8,0,1024,16,86990,0,16,0,1,0,0,0,0,0,0,11,0,0,0,1,0,0,0,0,0,0
320,144,4,128,0,16,59990,0,16,0,0,0,0,0,0,0,1,11,0,0,0,1,0,0,0,0,0,0
321,144,16,512,0,16,182990,0,102,0,0,1,0,0,0,0,0,11,0,0,0,1,0,0,0,0,0,0
322,144,8,256,0,14,95990,0,122,0,1,0,0,0,0,0,0,11,0,0,0,1,0,0,0,0,0,0
323,144,8,512,0,14,115990,0,122,0,0,1,0,0,0,0,0,11,0,0,0,1,0,0,0,0,0,0
324,144,16,512,0,14,142990,0,123,0,0,1,0,0,0,0,0,11,0,0,0,1,0,0,0,0,0,0
325,144,8,256,0,13,139990,1,82,1,0,0,0,0,0,0,0,11,0,0,0,0,0,0,0,1,0,0
326,144,8,512,0,13,189990,1,82,0,0,1,0,0,0,0,0,11,0,0,0,0,0,0,0,1,0,0
327,144,8,256,0,13,189990,1,82,0,1,0,0,0,0,0,0,11,0,0,0,0,0,0,0,1,0,0
328,144,8,512,0,16,157990,2,32,0,0,1,0,0,0,0,0,11,0,0,0,1,0,0,0,0,0,0
329,144,16,1024,0,14,274990,2,113,0,0,0,0,0,0,0,1,11,0,0,0,1,0,0,0,0,0,0
330,144,8,512,0,16,144990,2,127,0,0,1,0,0,0,0,0,11,0,0,0,1,0,0,0,0,0,0
331,144,8,256,0,14,106990,2,131,0,0,1,0,0,0,0,0,11,0,0,0,1,0,0,0,0,0,0
332,144,4,128,0,14,67990,2,144,1,0,0,0,0,0,0,0,11,0,0,0,1,0,0,0,0,0,0
333,144,8,256,0,16,84990,2,144,0,1,0,0,0,0,0,0,11,0,0,0,1,0,0,0,0,0,0
334,144,8,256,0,14,99990,2,155,0,0,0,0,0,0,0,1,11,0,0,0,1,0,0,0,0,0,0
335,144,8,256,0,16,94990,4,13,0,1,0,0,0,0,0,0,11,0,0,0,1,0,0,0,0,0,0
336,144,8,256,0,16,82990,4,13,0,1,0,0,0,0,0,0,11,0,0,0,1,0,0,0,0,0,0
337,144,8,256,0,16,109990,4,15,0,0,1,0,0,0,0,0,11,0,0,0,1,0,0,0,0,0,0
338,144,8,256,0,16,135990,4,42,0,0,1,0,0,0,0,0,11,0,0,0,1,0,0,0,0,0,0
339,60,4,128,0,14,74990,4,72,1,0,0,0,0,0,0,0,14,0,0,0,0,0,1,0,0,0,0
340,144,8,512,0,14,108990,4,72,0,1,0,0,0,0,0,0,11,0,0,0,1,0,0,0,0,0,0
341,60,8,256,0,14,112990,4,72,0,1,0,0,0,0,0,0,11,0,0,0,0,0,1,0,0,0,0
342,144,8,512,0,14,123990,4,72,0,0,1,0,0,0,0,0,11,0,0,0,1,0,0,0,0,0,0
343,144,8,256,0,16,119990,4,73,0,0,1,0,0,0,0,0,11,0,0,0,1,0,0,0,0,0,0
344,144,8,512,0,14,114990,4,74,0,0,1,0,0,0,0,0,11,0,0,0,1,0,0,0,0,0,0
345,144,12,512,0,16,119990,4,75,0,1,0,0,0,0,0,0,11,0,0,0,1,0,0,0,0,0,0
346,144,4,0,1024,14,78990,4,146,0,1,0,0,0,0,0,0,11,0,0,0,1,0,0,0,0,0,0
347,144,8,256,0,14,82990,4,146,0,1,0,0,0,0,0,0,11,0,0,0,1,0,0,0,0,0,0
348,144,8,512,0,14,115990,4,146,0,0,1,0,0,0,0,0,11,0,0,0,1,0,0,0,0,0,0
349,60,4,128,1024,14,62990,4,146,1,0,0,0,0,0,0,0,11,0,0,0,0,0,1,0,0,0,0
350,60,4,0,1024,14,58990,4,146,1,0,0,0,0,0,0,0,11,0,0,0,0,0,1,0,0,0,0
351,144,4,0,1024,16,78990,4,146,0,1,0,0,0,0,0,0,11,0,0,0,1,0,0,0,0,0,0
352,144,8,512,0,16,115990,4,146,0,0,1,0,0,0,0,0,11,0,0,0,1,0,0,0,0,0,0
353,60,4,0,1024,16,58990,4,146,1,0,0,0,0,0,0,0,11,0,0,0,0,0,1,0,0,0,0
354,60,4,0,1024,14,82990,6,0,0,1,0,0,0,0,0,0,11,0,0,0,0,0,1,0,0,0,0
355,60,8,128,1024,14,89990,6,0,0,1,0,0,0,0,0,0,11,0,0,0,0,0,1,0,0,0,0
356,144,8,256,0,14,64990,6,2,1,0,0,0,0,0,0,0,11,0,0,0,1,0,0,0,0,0,0
357,60,8,256,0,14,78990,6,2,0,1,0,0,0,0,0,0,11,0,0,0,0,0,1,0,0,0,0
358,60,8,256,0,16,64990,6,4,1,0,0,0,0,0,0,0,11,0,0,0,0,0,1,0,0,0,0
359,60,8,256,0,16,99990,6,9,0,0,1,0,0,0,0,0,11,0,0,0,0,0,1,0,0,0,0
360,144,8,256,0,16,84990,6,9,0,1,0,0,0,0,0,0,11,0,0,0,1,0,0,0,0,0,0
361,144,8,256,0,13,114990,6,28,0,1,0,0,0,0,0,0,11,0,0,0,1,0,0,0,0,0,0
362,144,8,512,0,13,137990,6,29,0,0,1,0,0,0,0,0,11,0,0,0,0,1,0,0,0,0,0
363,144,16,512,0,16,181990,6,90,0,0,1,0,0,0,0,0,11,0,0,0,1,0,0,0,0,0,0
364,144,8,512,0,16,91990,6,98,0,0,0,0,0,0,0,1,11,0,0,0,1,0,0,0,0,0,0
365,144,8,256,0,16,102990,6,99,0,0,0,0,0,0,0,1,11,0,0,0,1,0,0,0,0,0,0
366,144,8,256,0,16,89990,6,99,0,0,0,0,0,0,0,1,11,0,0,0,1,0,0,0,0,0,0
367,60,4,0,1024,14,58990,6,1,0,0,0,0,0,0,0,1,11,0,0,0,0,0,1,0,0,0,0
368,144,8,256,0,16,106990,6,8,0,0,1,0,0,0,0,0,11,0,0,0,1,0,0,0,0,0,0
369,144,32,512,0,16,259990,6,90,0,0,1,0,0,0,0,0,11,0,0,0,1,0,0,0,0,0,0
370,144,8,512,0,16,156990,8,77,0,0,1,0,0,0,0,0,11,0,0,0,1,0,0,0,0,0,0
371,144,8,256,1024,16,124990,8,77,0,0,0,0,0,0,0,1,11,0,0,0,1,0,0,0,0,0,0
372,144,12,512,0,16,94990,8,11,0,0,1,0,0,0,0,0,11,0,0,0,1,0,0,0,0,0,0
373,60,4,0,1024,14,41990,8,26,0,0,1,0,0,0,0,0,11,0,0,0,0,0,1,0,0,0,0
374,144,16,512,0,14,124990,8,34,0,0,1,0,0,0,0,0,11,0,0,0,1,0,0,0,0,0,0
375,144,8,512,0,14,79990,8,70,0,1,0,0,0,0,0,0,11,0,0,0,1,0,0,0,0,0,0
376,60,8,0,1024,14,99990,8,70,0,0,1,0,0,0,0,0,11,0,0,0,0,0,1,0,0,0,0
377,144,16,512,0,13,129990,8,121,0,0,1,0,0,0,0,0,11,0,0,0,0,0,0,0,1,0,0
378,144,8,256,0,13,119990,8,121,0,0,1,0,0,0,0,0,11,0,0,0,0,0,0,0,1,0,0
379,144,16,512,0,14,134990,8,171,0,0,1,0,0,0,0,0,11,0,0,0,1,0,0,0,0,0,0
380,60,4,0,1024,16,46990,8,141,0,0,0,0,1,0,0,0,11,0,0,0,0,0,1,0,0,0,0
381,60,4,512,0,16,44990,8,141,0,0,0,0,1,0,0,0,11,0,0,0,0,0,1,0,0,0,0
382,144,12,512,0,14,134990,8,151,0,0,1,0,0,0,0,0,11,0,0,0,1,0,0,0,0,0,0
383,120,16,512,0,16,164990,12,57,0,0,1,0,0,0,0,0,11,0,0,0,1,0,0,0,0,0,0
384,120,16,512,0,16,181990,12,64,0,0,1,0,0,0,0,0,11,0,0,0,1,0,0,0,0,0,0
385,144,8,256,0,16,117990,0,86,0,1,0,0,0,0,0,0,11,0,0,0,1,0,0,0,0,0,0
386,144,8,256,0,16,107990,0,86,0,0,0,0,0,0,0,1,11,0,0,0,1,0,0,0,0,0,0
387,144,8,0,1024,16,134990,0,86,0,0,1,0,0,0,0,0,11,0,0,0,1,0,0,0,0,0,0
388,60,16,256,1024,16,126800,0,17,0,0,1,0,0,0,0,0,17,0,0,0,0,0,1,0,0,0,0
389,60,8,256,0,16,116800,0,87,0,1,0,0,0,0,0,0,17,0,0,0,0,0,1,0,0,0,0
390,144,16,256,0,16,160800,0,87,0,0,1,0,0,0,0,0,26,0,0,0,1,0,0,0,0,0,0
391,60,8,512,0,16,108800,0,87,0,1,0,0,0,0,0,0,17,0,0,0,0,0,1,0,0,0,0
392,144,16,512,0,16,180800,0,102,0,0,1,0,0,0,0,0,26,0,0,0,1,0,0,0,0,0,0
393,144,16,256,0,16,150800,0,102,0,0,1,0,0,0,0,0,19,0,0,0,1,0,0,0,0,0,0
394,144,16,512,0,16,214800,0,102,0,0,1,0,0,0,0,0,11,0,0,0,1,0,0,0,0,0,0
395,144,16,512,0,16,196800,0,102,0,0,1,0,0,0,0,0,26,0,0,0,1,0,0,0,0,0,0
396,144,8,51,0,13,120800,0,129,0,0,1,0,0,0,0,0,11,0,0,0,1,0,0,0,0,0,0
397,144,8,128,0,13,146800,1,83,0,1,0,0,0,0,0,0,11,0,0,0,0,0,0,0,0,1,0
398,144,8,256,0,13,174800,1,83,0,1,0,0,0,0,0,0,11,0,0,0,0,0,0,0,0,1,0
399,144,8,0,512,13,194800,1,82,0,0,1,0,0,0,0,0,11,0,0,0,0,0,0,0,0,1,0
400,144,8,256,0,13,146800,1,82,0,0,1,0,0,0,0,0,11,0,0,0,0,0,0,0,0,1,0
401,144,16,0,512,13,320800,1,82,0,0,1,0,0,0,0,0,5,0,0,0,1,0,0,0,0,0,0
402,144,16,1024,0,13,384800,1,82,0,0,0,1,0,0,0,0,5,0,0,0,1,0,0,0,0,0,0
403,144,8,512,0,16,130800,2,110,0,0,1,0,0,0,0,0,17,0,0,0,1,0,0,0,0,0,0
404,240,16,512,0,16,196800,2,112,0,0,1,0,0,0,0,0,26,0,0,0,0,0,0,1,0,0,0
405,144,8,512,0,16,148800,2,112,0,0,1,0,0,0,0,0,18,0,0,0,1,0,0,0,0,0,0
406,144,16,512,0,16,172800,2,112,0,0,1,0,0,0,0,0,17,0,0,0,1,0,0,0,0,0,0
407,144,16,512,0,16,236800,2,112,0,0,1,0,0,0,0,0,27,0,0,0,1,0,0,0,0,0,0
408,120,16,512,0,16,156800,2,113,0,0,0,0,0,0,0,1,19,0,0,0,1,0,0,0,0,0,0
409,120,16,1024,0,14,196800,2,113,0,0,0,0,0,0,0,1,26,0,0,0,1,0,0,0,0,0,0
410,144,8,512,0,16,168800,2,113,0,0,1,0,0,0,0,0,17,0,0,0,1,0,0,0,0,0,0
411,144,16,1024,0,16,179800,2,113,0,0,1,0,0,0,0,0,19,0,0,0,1,0,0,0,0,0,0
412,240,16,1024,0,16,228800,2,113,0,0,1,0,0,0,0,0,27,0,0,0,1,0,0,0,0,0,0
413,144,16,512,0,16,205000,2,113,0,0,1,0,0,0,0,0,17,0,0,0,1,0,0,0,0,0,0
414,144,16,512,0,16,196800,2,134,0,0,1,0,0,0,0,0,29,0,0,0,1,0,0,0,0,0,0
415,192,8,512,0,16,130800,2,136,0,0,0,0,0,0,0,1,18,0,0,0,0,0,0,1,0,0,0
416,144,16,512,1024,16,164800,2,136,0,0,1,0,0,0,0,0,19,0,0,0,1,0,0,0,0,0,0
417,144,8,256,0,16,110800,2,138,0,1,0,0,0,0,0,0,18,0,0,0,1,0,0,0,0,0,0
418,144,8,512,0,16,102800,2,144,0,0,1,0,0,0,0,0,8,0,0,0,1,0,0,0,0,0,0
419,144,16,512,0,16,140800,2,155,0,0,1,0,0,0,0,0,17,0,0,0,1,0,0,0,0,0,0
420,144,16,512,0,14,134800,2,154,0,0,1,0,0,0,0,0,11,0,0,0,1,0,0,0,0,0,0
421,144,16,1024,0,16,199800,3,25,0,0,1,0,0,0,0,0,29,0,0,0,0,0,0,1,0,0,0
422,144,32,1024,0,16,210800,3,25,0,0,1,0,0,0,0,0,29,0,0,0,1,0,0,0,0,0,0
423,144,16,1024,0,16,168800,3,114,0,0,1,0,0,0,0,0,26,0,0,0,1,0,0,0,0,0,0
424,144,64,1024,0,16,238800,3,147,0,0,1,0,0,0,0,0,11,0,0,0,1,0,0,0,0,0,0
425,144,64,2048,0,16,258800,3,147,0,0,1,0,0,0,0,0,29,0,0,0,1,0,0,0,0,0,0
426,60,16,256,1024,16,160800,4,158,0,0,1,0,0,0,0,0,17,0,0,0,1,0,0,0,0,0,0
427,120,16,256,1024,17,270800,4,158,0,0,0,1,0,0,0,0,17,0,0,0,0,0,1,0,0,0,0
428,60,16,256,1024,17,225800,4,158,0,0,1,0,0,0,0,0,17,0,0,0,1,0,0,0,0,0,0
429,144,16,512,1024,17,318800,4,158,0,0,1,0,0,0,0,0,27,1,0,0,0,0,0,0,0,0,0
430,60,8,512,0,16,120800,4,36,0,1,0,0,0,0,0,0,19,0,0,0,1,0,0,0,0,0,0
431,144,16,512,0,16,158800,4,40,0,0,1,0,0,0,0,0,6,0,0,0,1,0,0,0,0,0,0
432,144,8,512,0,16,152800,4,40,0,0,1,0,0,0,0,0,6,0,0,0,1,0,0,0,0,0,0
433,60,16,128,1024,16,180800,4,43,0,0,1,0,0,0,0,0,26,0,0,0,1,0,0,0,0,0,0
434,144,32,1024,0,17,280800,4,44,0,0,1,0,0,0,0,0,27,0,0,0,1,0,0,0,0,0,0
435,144,16,512,0,16,114800,4,76,0,0,1,0,0,0,0,0,9,0,0,0,1,0,0,0,0,0,0
436,144,12,512,0,16,88800,4,162,0,1,0,0,0,0,0,0,11,0,0,0,0,1,0,0,0,0,0
437,144,8,256,0,13,94800,4,162,0,1,0,0,0,0,0,0,11,0,0,0,1,0,0,0,0,0,0
438,144,8,8,256,13,114800,4,76,0,0,1,0,0,0,0,0,11,0,0,0,1,0,0,0,0,0,0
439,192,8,512,0,14,128800,4,76,0,0,1,0,0,0,0,0,1,0,0,0,0,0,0,1,0,0,0
440,144,8,256,0,16,96800,4,76,0,1,0,0,0,0,0,0,11,0,0,0,0,1,0,0,0,0,0
441,144,32,512,0,16,238800,4,101,0,0,1,0,0,0,0,0,34,0,1,0,0,0,0,0,0,0,0
442,144,64,1024,0,16,298800,4,101,0,1,0,0,0,0,0,0,32,0,0,0,1,0,0,0,0,0,0
443,144,8,256,0,13,144800,4,148,0,1,0,0,0,0,0,0,11,0,0,0,1,0,0,0,0,0,0
444,144,8,16,512,13,210800,4,148,0,0,1,0,0,0,0,0,11,0,0,0,1,0,0,0,0,0,0
445,144,16,512,0,13,210800,4,148,0,0,1,0,0,0,0,0,11,0,1,0,0,0,0,0,0,0,0
446,144,16,512,0,13,174800,4,148,0,0,1,0,0,0,0,0,11,0,0,0,0,1,0,0,0,0,0
447,144,8,256,0,13,134800,4,148,0,1,0,0,0,0,0,0,11,0,0,0,0,1,0,0,0,0,0
448,144,8,512,0,13,158800,4,148,0,0,1,0,0,0,0,0,11,0,0,0,0,1,0,0,0,0,0
449,144,16,512,0,13,170800,4,148,0,0,1,0,0,0,0,0,11,0,0,0,1,0,0,0,0,0,0
450,144,8,256,0,13,134800,4,148,0,1,0,0,0,0,0,0,11,0,0,0,1,0,0,0,0,0,0
451,144,16,512,0,16,210800,4,148,0,0,1,0,0,0,0,0,18,0,0,0,1,0,0,0,0,0,0
452,144,16,512,0,16,230800,4,148,0,0,1,0,0,0,0,0,17,0,0,0,1,0,0,0,0,0,0
453,144,8,512,0,15,174800,4,148,0,1,0,0,0,0,0,0,10,0,0,0,1,0,0,0,0,0,0
454,144,16,512,0,16,234800,4,148,0,0,1,0,0,0,0,0,18,0,0,0,1,0,0,0,0,0,0
455,144,16,512,0,16,258800,4,148,0,0,1,0,0,0,0,0,18,0,0,0,1,0,0,0,0,0,0
456,144,16,512,0,16,268800,4,148,0,0,1,0,0,0,0,0,18,0,0,0,1,0,0,0,0,0,0
457,144,32,512,0,16,295800,4,148,0,0,1,0,0,0,0,0,18,0,0,0,1,0,0,0,0,0,0
458,144,16,1024,0,16,290800,4,148,0,0,1,0,0,0,0,0,4,0,1,0,0,0,0,0,0,0,0
459,144,16,512,0,16,196800,4,149,0,0,1,0,0,0,0,0,17,0,0,0,1,0,0,0,0,0,0
460,144,8,256,0,16,154800,4,149,0,1,0,0,0,0,0,0,9,0,0,0,0,1,0,0,0,0,0
461,144,32,1024,0,17,378800,5,116,0,0,0,1,0,0,0,0,27,0,0,0,1,0,0,0,0,0,0
462,144,16,1024,0,16,130800,5,35,0,1,0,0,0,0,0,0,17,0,0,0,1,0,0,0,0,0,0
463,144,16,1024,0,16,120800,5,35,0,1,0,0,0,0,0,0,17,0,0,0,1,0,0,0,0,0,0
464,144,16,1024,0,16,149800,5,35,0,0,1,0,0,0,0,0,17,0,0,0,1,0,0,0,0,0,0
465,144,16,1024,0,16,140800,5,35,0,0,1,0,0,0,0,0,17,0,0,0,1,0,0,0,0,0,0
466,144,16,1024,0,16,170800,5,109,0,0,1,0,0,0,0,0,26,0,0,0,1,0,0,0,0,0,0
467,144,16,1024,0,16,190800,5,115,0,0,0,0,0,0,0,1,27,0,0,0,1,0,0,0,0,0,0
468,144,16,1024,0,16,216800,5,115,0,0,0,0,0,0,0,1,27,0,0,0,1,0,0,0,0,0,0
469,144,16,1024,0,16,190800,5,130,0,0,0,0,0,0,0,1,19,0,0,0,1,0,0,0,0,0,0
470,144,16,512,0,13,170800,6,31,0,0,1,0,0,0,0,0,23,0,0,0,0,1,0,0,0,0,0
471,144,16,1024,0,16,176800,6,89,0,0,1,0,0,0,0,0,19,0,0,0,1,0,0,0,0,0,0
472,144,16,256,0,16,150800,6,89,0,0,1,0,0,0,0,0,19,0,0,0,1,0,0,0,0,0,0
473,120,16,256,1024,17,170800,6,89,0,0,1,0,0,0,0,0,17,0,0,0,1,0,0,0,0,0,0
474,192,8,256,0,14,88800,6,100,0,1,0,0,0,0,0,0,11,0,0,0,0,0,0,1,0,0,0
475,144,8,256,0,6,106800,6,100,0,0,1,0,0,0,0,0,17,0,0,0,1,0,0,0,0,0,0
476,144,16,512,0,16,134800,6,100,0,0,0,0,0,0,0,1,17,0,0,0,1,0,0,0,0,0,0
477,144,8,512,0,16,146800,6,100,0,0,1,0,0,0,0,0,17,0,0,0,1,0,0,0,0,0,0
478,144,8,512,0,16,134800,6,100,0,1,0,0,0,0,0,0,19,0,0,0,1,0,0,0,0,0,0
479,144,8,256,0,13,84800,6,106,0,1,0,0,0,0,0,0,11,0,0,0,1,0,0,0,0,0,0
480,144,8,0,500,14,82800,6,106,0,1,0,0,0,0,0,0,11,0,0,0,1,0,0,0,0,0,0
481,144,8,512,0,13,168800,6,124,0,0,1,0,0,0,0,0,11,0,0,0,0,1,0,0,0,0,0
482,144,32,256,1024,16,230800,6,153,0,0,1,0,0,0,0,0,33,0,0,0,1,0,0,0,0,0,0
483,144,16,512,0,16,230800,6,153,0,0,1,0,0,0,0,0,5,0,0,0,1,0,0,0,0,0,0
484,144,8,512,0,16,79800,7,71,0,0,0,0,0,0,0,1,11,0,0,0,1,0,0,0,0,0,0
485,144,8,512,0,14,86800,7,70,0,1,0,0,0,0,0,0,1,0,0,0,1,0,0,0,0,0,0
486,144,8,512,0,16,88800,7,70,0,1,0,0,0,0,0,0,11,0,0,0,1,0,0,0,0,0,0
487,192,8,256,0,13,82800,7,71,0,1,0,0,0,0,0,0,11,0,0,0,0,0,0,1,0,0,0
488,60,8,512,0,16,108800,7,70,0,1,0,0,0,0,0,0,17,0,0,0,1,0,0,0,0,0,0
489,192,8,512,0,16,90800,7,70,0,1,0,0,0,0,0,0,11,0,0,0,0,0,0,1,0,0,0
490,120,8,512,0,16,154800,7,80,0,0,0,0,0,0,0,1,26,0,0,0,1,0,0,0,0,0,0
491,120,16,512,0,16,160800,7,80,0,0,0,0,0,0,0,1,26,0,0,0,1,0,0,0,0,0,0
492,144,16,512,0,16,190800,7,80,0,0,1,0,0,0,0,0,26,0,0,0,1,0,0,0,0,0,0
493,144,16,512,0,16,170800,7,77,0,0,1,0,0,0,0,0,19,0,0,0,1,0,0,0,0,0,0
494,144,16,256,0,16,184800,7,77,0,0,1,0,0,0,0,0,26,0,0,0,1,0,0,0,0,0,0
495,240,16,512,0,16,196800,7,77,0,0,1,0,0,0,0,0,26,0,0,0,1,0,0,0,0,0,0
496,120,8,512,0,16,142800,7,77,0,0,1,0,0,0,0,0,18,0,0,0,1,0,0,0,0,0,0
497,120,8,512,0,16,154800,7,77,0,0,1,0,0,0,0,0,19,0,0,0,1,0,0,0,0,0,0
498,144,16,1024,0,16,242800,7,80,0,0,1,0,0,0,0,0,27,0,0,0,1,0,0,0,0,0,0
499,144,16,512,0,16,156800,7,80,0,0,1,0,0,0,0,0,19,0,0,0,1,0,0,0,0,0,0
500,60,16,512,1024,16,140800,7,80,0,0,1,0,0,0,0,0,11,0,0,0,1,0,0,0,0,0,0
501,144,8,128,1024,16,110800,7,80,0,1,0,0,0,0,0,0,17,0,0,0,1,0,0,0,0,0,0
502,144,16,256,1024,15,230800,7,80,0,0,1,0,0,0,0,0,27,0,0,0,1,0,0,0,0,0,0
503,144,16,1024,0,15,215800,7,80,0,0,1,0,0,0,0,0,26,0,0,0,1,0,0,0,0,0,0
504,144,8,256,0,13,116800,7,163,0,1,0,0,0,0,0,0,11,0,0,0,0,1,0,0,0,0,0
505,192,8,0,1024,14,108800,7,164,0,1,0,0,0,0,0,0,11,0,0,0,0,0,0,1,0,0,0
506,192,8,256,0,14,138800,7,164,0,0,1,0,0,0,0,0,11,0,0,0,0,0,0,1,0,0,0
507,144,16,512,0,14,205800,7,163,0,0,1,0,0,0,0,0,11,0,0,0,1,0,0,0,0,0,0
508,144,8,256,0,14,172800,7,163,0,1,0,0,0,0,0,0,11,0,0,0,1,0,0,0,0,0,0
509,144,16,1024,0,14,262800,7,163,0,0,1,0,0,0,0,0,11,0,0,0,1,0,0,0,0,0,0
510,144,16,512,0,16,240800,7,163,0,0,1,0,0,0,0,0,17,0,0,0,1,0,0,0,0,0,0
511,144,16,512,0,13,148800,7,163,0,0,0,0,0,0,0,1,8,0,0,0,0,1,0,0,0,0,0
512,144,16,1024,0,13,178800,7,151,0,0,1,0,0,0,0,0,11,0,1,0,0,0,0,0,0,0,0
513,144,8,256,0,13,128800,7,151,0,0,1,0,0,0,0,0,11,0,0,0,0,1,0,0,0,0,0
514,144,8,512,0,13,154800,7,151,0,0,1,0,0,0,0,0,11,0,0,0,0,1,0,0,0,0,0
515,144,16,512,0,13,262800,1,83,0,1,0,0,0,0,0,0,11,0,0,0,0,0,0,0,0,1,0
516,144,8,256,0,13,199800,1,83,0,1,0,0,0,0,0,0,11,0,0,0,0,0,0,0,0,1,0
517,144,8,512,0,13,228800,1,83,0,1,0,0,0,0,0,0,11,0,0,0,0,0,0,0,0,1,0
518,144,8,256,0,14,258800,10,128,0,0,1,0,0,0,0,0,17,0,0,0,0,1,0,0,0,0,0
519,144,8,256,0,12,168800,10,128,0,1,0,0,0,0,0,0,11,0,0,0,0,1,0,0,0,0,0
520,144,16,512,0,12,248800,10,128,0,0,1,0,0,0,0,0,11,0,0,0,0,1,0,0,0,0,0
521,144,8,128,0,12,154800,10,128,0,1,0,0,0,0,0,0,11,0,0,0,0,1,0,0,0,0,0
522,144,8,256,0,12,178800,10,128,0,1,0,0,0,0,0,0,11,0,0,0,0,1,0,0,0,0,0
523,144,16,256,0,12,262800,10,128,0,0,1,0,0,0,0,0,11,0,0,0,0,1,0,0,0,0,0
524,144,8,256,0,12,152800,10,128,0,1,0,0,0,0,0,0,11,0,0,0,0,1,0,0,0,0,0
525,144,16,512,0,16,140800,12,19,0,0,0,0,0,0,0,1,7,0,0,0,1,0,0,0,0,0,0
526,144,16,512,1024,16,205800,12,47,0,0,1,0,0,0,0,0,27,0,0,0,1,0,0,0,0,0,0
527,120,16,256,1024,16,154800,12,47,0,0,1,0,0,0,0,0,17,0,0,0,1,0,0,0,0,0,0
528,144,16,1024,0,16,196800,12,47,0,0,1,0,0,0,0,0,26,0,0,0,1,0,0,0,0,0,0
529,60,8,512,0,16,102800,12,51,0,1,0,0,0,0,0,0,17,0,0,0,1,0,0,0,0,0,0
530,120,8,512,0,16,158800,12,51,0,0,1,0,0,0,0,0,19,0,0,0,1,0,0,0,0,0,0
531,144,16,512,0,16,154800,12,55,0,0,1,0,0,0,0,0,19,0,0,0,1,0,0,0,0,0,0
532,144,16,512,0,16,184800,12,55,0,0,1,0,0,0,0,0,26,0,0,0,1,0,0,0,0,0,0
533,60,8,128,1024,16,84800,12,55,0,1,0,0,0,0,0,0,17,0,0,0,1,0,0,0,0,0,0
534,144,16,256,0,16,148800,12,93,0,0,1,0,0,0,0,0,17,0,0,0,1,0,0,0,0,0,0
535,144,16,512,0,16,154800,12,93,0,0,1,0,0,0,0,0,17,0,0,0,1,0,0,0,0,0,0
536,144,16,256,0,14,148800,12,95,0,0,1,0,0,0,0,0,17,0,0,0,1,0,0,0,0,0,0
537,144,16,512,0,16,165800,12,63,0,0,1,0,0,0,0,0,19,0,0,0,1,0,0,0,0,0,0
538,240,32,512,0,16,205800,12,63,0,0,1,0,0,0,0,0,26,0,0,0,1,0,0,0,0,0,0
539,144,16,256,0,16,192800,13,22,0,0,1,0,0,0,0,0,19,0,0,0,1,0,0,0,0,0,0
540,144,16,512,0,16,248800,13,22,0,0,1,0,0,0,0,0,26,0,0,0,1,0,0,0,0,0,0
541,144,16,128,1024,16,120800,16,91,0,0,1,0,0,0,0,0,17,0,0,0,1,0,0,0,0,0,0
542,144,12,256,0,16,90000,0,21,0,0,1,0,0,0,0,0,16,0,0,0,1,0,0,0,0,0,0
543,144,4,0,0,16,48000,0,17,1,0,0,0,0,0,0,0,11,0,0,0,1,0,0,0,0,0,0
544,144,16,0,1024,16,135000,0,21,0,0,1,0,0,0,0,0,17,0,0,0,1,0,0,0,0,0,0
545,144,16,256,1024,16,170000,0,102,0,0,1,0,0,0,0,0,17,0,0,0,1,0,0,0,0,0,0
546,144,16,512,0,16,145000,0,102,0,0,1,0,0,0,0,0,17,0,0,0,1,0,0,0,0,0,0
547,60,16,0,0,16,186800,0,102,0,0,1,0,0,0,0,0,11,0,0,0,0,0,1,0,0,0,0
548,144,8,0,0,16,77000,0,107,0,1,0,0,0,0,0,0,20,0,0,0,1,0,0,0,0,0,0
549,144,12,0,1024,16,90000,0,108,0,0,1,0,0,0,0,0,16,0,0,0,1,0,0,0,0,0,0
550,144,8,256,0,13,158000,1,81,1,0,0,0,0,0,0,0,11,0,0,0,1,0,0,0,0,0,0
551,60,8,128,0,13,115000,1,82,0,1,0,0,0,0,0,0,11,0,0,0,0,0,1,0,0,0,0
552,60,8,256,0,13,138000,1,82,0,1,0,0,0,0,0,0,11,0,0,0,0,0,1,0,0,0,0
553,144,8,256,0,13,212000,1,82,0,1,0,0,0,0,0,0,11,0,0,0,1,0,0,0,0,0,0
554,144,8,512,0,13,245000,1,82,0,1,0,0,0,0,0,0,11,0,0,0,1,0,0,0,0,0,0
555,144,8,128,0,13,158000,1,82,0,1,0,0,0,0,0,0,11,0,0,0,1,0,0,0,0,0,0
556,144,8,256,0,13,185000,1,82,0,1,0,0,0,0,0,0,11,0,0,0,1,0,0,0,0,0,0
557,144,8,512,0,13,140000,2,111,0,0,1,0,0,0,0,0,18,0,0,0,1,0,0,0,0,0,0
558,144,8,512,1024,17,280000,2,111,0,0,1,0,0,0,0,0,16,0,0,0,1,0,0,0,0,0,0
559,144,16,128,1024,16,195000,2,111,0,0,1,0,0,0,0,0,17,0,0,0,1,0,0,0,0,0,0
560,144,6,256,1024,16,140000,2,111,0,0,1,0,0,0,0,0,17,0,0,0,1,0,0,0,0,0,0
561,144,16,256,1024,16,170000,2,111,0,0,1,0,0,0,0,0,17,0,0,0,1,0,0,0,0,0,0
562,144,16,512,0,16,175000,2,111,0,0,1,0,0,0,0,0,17,0,0,0,1,0,0,0,0,0,0
563,144,16,0,1024,16,128000,2,111,0,0,1,0,0,0,0,0,17,0,0,0,1,0,0,0,0,0,0
564,144,16,128,1024,16,135000,2,111,0,0,1,0,0,0,0,0,17,0,0,0,1,0,0,0,0,0,0
565,144,16,0,0,16,210000,2,113,0,0,1,0,0,0,0,0,17,0,0,0,1,0,0,0,0,0,0
566,144,8,0,1024,16,110000,2,132,0,0,1,0,0,0,0,0,0,0,0,0,1,0,0,0,0,0,0
567,144,16,256,1024,16,149999,2,133,0,0,1,0,0,0,0,0,17,0,0,0,1,0,0,0,0,0,0
568,144,8,256,0,16,89000,2,144,0,1,0,0,0,0,0,0,11,0,0,0,1,0,0,0,0,0,0
569,144,16,512,0,14,140000,2,155,0,0,1,0,0,0,0,0,16,0,0,0,1,0,0,0,0,0,0
570,144,4,0,1024,15,66500,4,14,0,1,0,0,0,0,0,0,11,0,0,0,1,0,0,0,0,0,0
571,144,16,256,1024,15,190800,4,158,0,0,1,0,0,0,0,0,11,0,0,0,1,0,0,0,0,0,0
572,144,16,512,0,15,290000,4,158,0,0,1,0,0,0,0,0,11,0,0,0,1,0,0,0,0,0,0
573,144,16,256,1024,16,160000,4,37,0,0,1,0,0,0,0,0,11,0,0,0,1,0,0,0,0,0,0
574,60,8,0,0,16,124800,4,37,0,1,0,0,0,0,0,0,11,0,0,0,0,0,1,0,0,0,0
575,144,8,0,0,16,164800,4,39,0,0,1,0,0,0,0,0,11,0,0,0,1,0,0,0,0,0,0
576,144,8,0,0,14,79990,4,76,0,0,1,0,0,0,0,0,11,0,0,0,1,0,0,0,0,0,0
577,144,4,0,500,15,34000,4,76,0,0,0,0,0,0,1,0,11,0,0,0,1,0,0,0,0,0,0
578,144,4,0,500,16,29999,4,76,0,0,0,0,0,0,1,0,11,0,0,0,1,0,0,0,0,0,0
579,144,8,0,1024,16,78898,4,76,0,0,1,0,0,0,0,0,11,0,0,0,1,0,0,0,0,0,0
580,144,4,0,1024,16,42995,4,76,1,0,0,0,0,0,0,0,11,0,0,0,1,0,0,0,0,0,0
581,144,8,0,1024,16,65000,4,76,0,0,1,0,0,0,0,0,11,0,0,0,1,0,0,0,0,0,0
582,144,8,0,1024,16,98500,4,76,0,0,1,0,0,0,0,0,11,0,0,0,1,0,0,0,0,0,0
583,60,4,0,1024,16,65500,4,76,0,1,0,0,0,0,0,0,11,0,0,0,0,0,1,0,0,0,0
584,144,8,256,0,13,85000,4,76,0,1,0,0,0,0,0,0,11,0,0,0,1,0,0,0,0,0,0
585,144,16,128,1024,16,127000,4,76,0,0,1,0,0,0,0,0,17,0,0,0,1,0,0,0,0,0,0
586,144,8,256,0,16,100000,4,76,0,1,0,0,0,0,0,0,17,0,0,0,1,0,0,0,0,0,0
587,144,16,512,0,16,135000,4,76,0,0,1,0,0,0,0,0,20,0,0,0,1,0,0,0,0,0,0
588,144,16,256,0,15,135000,4,76,0,0,1,0,0,0,0,0,20,0,0,0,1,0,0,0,0,0,0
589,144,16,128,1024,16,146000,4,76,0,0,1,0,0,0,0,0,17,0,0,0,1,0,0,0,0,0,0
590,144,4,0,1024,15,42951,4,79,1,0,0,0,0,0,0,0,11,0,0,0,1,0,0,0,0,0,0
591,144,4,0,1024,14,45600,6,3,1,0,0,0,0,0,0,0,11,0,0,0,1,0,0,0,0,0,0
592,144,8,360,0,13,115000,6,30,0,0,1,0,0,0,0,0,11,0,0,0,1,0,0,0,0,0,0
593,144,8,0,0,16,80000,6,28,0,1,0,0,0,0,0,0,11,0,0,0,1,0,0,0,0,0,0
594,144,16,128,1024,14,155000,6,89,0,0,1,0,0,0,0,0,11,0,0,0,1,0,0,0,0,0,0
595,144,8,0,1024,14,77000,6,100,0,1,0,0,0,0,0,0,16,0,0,0,1,0,0,0,0,0,0
596,144,8,0,1024,16,76000,6,100,0,1,0,0,0,0,0,0,20,0,0,0,1,0,0,0,0,0,0
597,144,8,0,1024,16,88000,6,100,0,1,0,0,0,0,0,0,17,0,0,0,1,0,0,0,0,0,0
598,144,12,256,1024,16,95000,6,100,0,0,1,0,0,0,0,0,16,0,0,0,1,0,0,0,0,0,0
599,60,8,0,0,16,75000,6,100,0,1,0,0,0,0,0,0,11,0,0,0,0,0,1,0,0,0,0
600,144,8,0,500,14,65000,6,106,0,1,0,0,0,0,0,0,11,0,0,0,1,0,0,0,0,0,0
601,144,16,512,0,16,185000,6,124,0,0,1,0,0,0,0,0,20,0,0,0,1,0,0,0,0,0,0
602,144,16,512,0,13,175000,6,124,0,0,1,0,0,0,0,0,11,0,0,0,1,0,0,0,0,0,0
603,60,4,0,1024,16,39975,7,71,1,0,0,0,0,0,0,0,11,0,0,0,0,0,1,0,0,0,0
604,144,16,128,1024,15,110800,7,77,0,0,1,0,0,0,0,0,17,0,0,0,1,0,0,0,0,0,0
605,144,4,500,0,16,53500,7,140,0,1,0,0,0,0,0,0,11,0,0,0,1,0,0,0,0,0,0
606,144,16,256,0,14,159000,8,150,0,0,1,0,0,0,0,0,17,0,0,0,1,0,0,0,0,0,0
607,144,4,128,0,13,75000,8,151,0,1,0,0,0,0,0,0,11,0,0,0,1,0,0,0,0,0,0
608,144,8,512,0,16,145000,8,151,0,0,1,0,0,0,0,0,17,0,0,0,1,0,0,0,0,0,0
609,144,8,256,0,14,115000,8,151,0,0,1,0,0,0,0,0,11,0,0,0,1,0,0,0,0,0,0
610,144,8,512,0,16,330000,9,104,0,0,1,0,0,0,0,0,11,0,0,0,1,0,0,0,0,0,0
611,144,8,256,0,14,170000,11,23,0,1,0,0,0,0,0,0,16,0,0,0,1,0,0,0,0,0,0
612,144,16,256,0,12,195000,11,105,0,0,1,0,0,0,0,0,11,0,0,0,1,0,0,0,0,0,0
613,144,6,0,0,16,178800,12,55,0,0,1,0,0,0,0,0,16,0,0,0,1,0,0,0,0,0,0
614,144,16,128,1024,14,175000,12,60,0,0,1,0,0,0,0,0,17,0,0,0,1,0,0,0,0,0,0
615,144,16,256,1024,16,175000,12,61,0,0,1,0,0,0,0,0,17,0,0,0,1,0,0,0,0,0,0
616,144,16,512,0,14,230000,14,24,0,0,1,0,0,0,0,0,17,0,0,0,1,0,0,0,0,0,0
617,144,16,256,2048,17,280000,14,104,0,0,1,0,0,0,0,0,17,0,0,0,0,0,0,0,1,0,0
618,144,16,512,0,13,145000,14,126,0,0,1,0,0,0,0,0,11,0,0,0,1,0,0,0,0,0,0
619,144,8,0,1024,16,132800,16,88,0,0,1,0,0,0,0,0,11,0,0,0,1,0,0,0,0,0,0
620,60,4,0,1024,16,60000,0,21,1,0,0,0,0,0,0,0,11,0,0,0,0,0,1,0,0,0,0
621,144,4,256,0,14,61000,0,21,1,0,0,0,0,0,0,0,11,0,0,0,1,0,0,0,0,0,0
622,144,4,256,0,14,80000,0,129,0,1,0,0,0,0,0,0,11,0,0,0,1,0,0,0,0,0,0
623,144,8,512,0,16,86000,0,21,0,1,0,0,0,0,0,0,11,0,0,0,1,0,0,0,0,0,0
624,144,4,256,0,14,89000,0,129,0,1,0,0,0,0,0,0,20,0,0,0,1,0,0,0,0,0,0
625,144,4,512,0,14,93000,0,129,0,1,0,0,0,0,0,0,20,0,0,0,1,0,0,0,0,0,0
626,144,8,256,0,14,95000,0,129,0,0,0,0,0,0,0,1,9,0,0,0,1,0,0,0,0,0,0
627,144,8,256,0,14,97000,0,129,0,1,0,0,0,0,0,0,20,0,0,0,1,0,0,0,0,0,0
628,144,8,128,1024,16,107000,0,87,0,1,0,0,0,0,0,0,18,0,0,0,1,0,0,0,0,0,0
629,144,8,256,0,16,112000,0,87,0,1,0,0,0,0,0,0,18,0,0,0,1,0,0,0,0,0,0
630,144,8,256,0,14,115000,0,129,0,0,1,0,0,0,0,0,20,0,0,0,1,0,0,0,0,0,0
631,144,8,256,0,16,118000,0,87,0,1,0,0,0,0,0,0,18,0,0,0,0,1,0,0,0,0,0
632,144,8,512,0,14,120000,0,125,0,0,1,0,0,0,0,0,11,0,0,0,1,0,0,0,0,0,0
633,144,8,256,0,16,123000,0,87,0,0,0,0,0,0,0,1,18,0,0,0,0,1,0,0,0,0,0
634,144,8,0,1024,16,125000,0,87,0,1,0,0,0,0,0,0,17,0,0,0,1,0,0,0,0,0,0
635,144,8,512,0,16,125000,0,87,0,0,0,0,0,0,0,1,18,0,0,0,1,0,0,0,0,0,0
636,144,8,512,0,16,129000,0,87,0,1,0,0,0,0,0,0,18,0,0,0,1,0,0,0,0,0,0
637,144,8,0,1024,16,137000,0,87,0,0,1,0,0,0,0,0,18,0,0,0,0,1,0,0,0,0,0
638,144,8,0,1024,16,143000,0,87,0,0,1,0,0,0,0,0,17,0,0,0,1,0,0,0,0,0,0
639,144,8,512,0,16,144000,0,87,0,0,1,0,0,0,0,0,18,0,0,0,1,0,0,0,0,0,0
640,144,8,256,0,16,145000,0,87,0,0,1,0,0,0,0,0,18,0,0,0,1,0,0,0,0,0,0
641,144,8,0,1024,16,148000,0,87,0,1,0,0,0,0,0,0,26,0,0,0,1,0,0,0,0,0,0
642,144,8,512,0,16,149000,0,102,0,1,0,0,0,0,0,0,19,0,0,0,1,0,0,0,0,0,0
643,144,8,512,0,16,155000,0,87,0,0,1,0,0,0,0,0,18,0,0,0,0,1,0,0,0,0,0
644,144,16,256,1024,16,158000,0,87,0,0,1,0,0,0,0,0,17,0,0,0,1,0,0,0,0,0,0
645,144,16,256,0,16,165000,0,87,0,0,1,0,0,0,0,0,26,0,0,0,1,0,0,0,0,0,0
646,144,16,512,0,16,169000,0,102,0,0,1,0,0,0,0,0,19,0,0,0,1,0,0,0,0,0,0
647,144,16,1024,0,16,190000,0,102,0,0,1,0,0,0,0,0,19,0,0,0,1,0,0,0,0,0,0
648,120,16,512,0,16,195000,0,102,0,0,1,0,0,0,0,0,26,0,0,0,1,0,0,0,0,0,0
649,144,16,512,0,16,205000,0,102,0,0,1,0,0,0,0,0,26,0,0,0,1,0,0,0,0,0,0
650,144,16,512,0,16,215000,0,102,0,0,1,0,0,0,0,0,26,0,0,0,1,0,0,0,0,0,0
651,240,16,512,0,16,235000,0,102,0,0,1,0,0,0,0,0,27,0,0,0,1,0,0,0,0,0,0
652,144,16,512,0,16,235000,0,102,0,0,1,0,0,0,0,0,27,0,0,0,1,0,0,0,0,0,0
653,144,16,512,0,16,265000,0,102,0,0,1,0,0,0,0,0,27,0,0,0,1,0,0,0,0,0,0
654,144,4,256,0,16,48000,2,144,0,0,0,0,1,0,0,0,11,0,0,0,1,0,0,0,0,0,0
655,144,4,256,0,14,48000,2,144,0,0,0,0,1,0,0,0,11,0,0,0,0,1,0,0,0,0,0
656,144,4,128,0,14,57700,2,144,0,0,0,0,1,0,0,0,11,0,0,0,1,0,0,0,0,0,0
657,144,4,256,0,14,63000,2,144,1,0,0,0,0,0,0,0,11,0,0,0,1,0,0,0,0,0,0
658,144,4,256,0,14,67000,2,144,1,0,0,0,0,0,0,0,11,0,0,0,1,0,0,0,0,0,0
659,144,4,256,0,14,75000,2,172,0,1,0,0,0,0,0,0,11,0,0,0,0,1,0,0,0,0,0
660,144,4,256,0,14,83000,2,144,1,0,0,0,0,0,0,0,11,0,0,0,1,0,0,0,0,0,0
661,144,8,256,0,14,83000,2,144,0,1,0,0,0,0,0,0,11,0,0,0,1,0,0,0,0,0,0
662,144,8,256,0,16,87000,2,144,0,0,0,0,0,0,0,1,11,0,0,0,1,0,0,0,0,0,0
663,144,4,0,1024,16,87000,2,172,0,1,0,0,0,0,0,0,20,0,0,0,1,0,0,0,0,0,0
664,144,8,512,0,16,88000,2,144,0,1,0,0,0,0,0,0,11,0,0,0,1,0,0,0,0,0,0
665,144,8,256,0,16,90000,2,144,0,1,0,0,0,0,0,0,11,0,0,0,1,0,0,0,0,0,0
666,144,8,256,0,14,95000,2,144,0,1,0,0,0,0,0,0,11,0,0,0,1,0,0,0,0,0,0
667,144,8,512,0,16,102000,2,144,0,1,0,0,0,0,0,0,11,0,0,0,1,0,0,0,0,0,0
668,144,8,512,0,14,106000,2,144,0,1,0,0,0,0,0,0,11,0,0,0,0,1,0,0,0,0,0
669,144,8,512,0,14,108000,2,144,0,0,1,0,0,0,0,0,11,0,0,0,1,0,0,0,0,0,0
670,144,8,256,0,14,115000,2,144,0,0,1,0,0,0,0,0,11,0,0,0,1,0,0,0,0,0,0
671,144,8,512,0,16,116000,2,144,0,1,0,0,0,0,0,0,11,0,0,0,0,1,0,0,0,0,0
672,144,8,512,0,14,116000,2,144,0,0,0,0,0,0,0,1,11,0,0,0,1,0,0,0,0,0,0
673,144,8,256,0,14,120000,2,144,0,0,1,0,0,0,0,0,20,0,0,0,0,1,0,0,0,0,0
674,144,8,512,0,14,120000,2,144,0,1,0,0,0,0,0,0,11,0,0,0,1,0,0,0,0,0,0
675,144,8,512,0,16,122000,2,144,0,0,1,0,0,0,0,0,20,0,0,0,1,0,0,0,0,0,0
676,144,8,512,0,16,122000,2,135,0,1,0,0,0,0,0,0,18,0,0,0,1,0,0,0,0,0,0
677,144,8,512,0,13,125000,2,155,0,1,0,0,0,0,0,0,11,0,0,0,1,0,0,0,0,0,0
678,144,8,512,0,14,125000,2,155,0,1,0,0,0,0,0,0,11,0,0,0,1,0,0,0,0,0,0
679,144,8,512,0,16,126000,2,144,0,0,1,0,0,0,0,0,20,0,0,0,1,0,0,0,0,0,0
680,144,8,512,0,13,127000,2,155,0,1,0,0,0,0,0,0,11,0,0,0,1,0,0,0,0,0,0
681,144,8,512,0,14,127000,2,155,0,1,0,0,0,0,0,0,11,0,0,0,1,0,0,0,0,0,0
682,144,16,512,0,14,131000,2,144,0,0,1,0,0,0,0,0,11,0,0,0,1,0,0,0,0,0,0
683,144,16,512,0,16,132000,2,135,0,1,0,0,0,0,0,0,18,0,0,0,0,1,0,0,0,0,0
684,144,8,512,0,14,134000,2,120,0,1,0,0,0,0,0,0,11,0,0,0,1,0,0,0,0,0,0
685,144,8,512,0,16,135000,2,133,0,0,0,0,0,0,0,1,18,0,0,0,1,0,0,0,0,0,0
686,144,8,512,0,16,135000,2,144,0,0,1,0,0,0,0,0,20,0,0,0,1,0,0,0,0,0,0
687,144,8,512,0,16,137000,2,112,0,1,0,0,0,0,0,0,18,0,0,0,0,1,0,0,0,0,0
688,144,8,512,0,14,138000,2,144,0,0,1,0,0,0,0,0,11,0,0,0,1,0,0,0,0,0,0
689,144,16,512,0,16,141000,2,144,0,0,1,0,0,0,0,0,11,0,0,0,1,0,0,0,0,0,0
690,144,16,512,0,16,141000,2,144,0,0,1,0,0,0,0,0,20,0,0,0,1,0,0,0,0,0,0
691,144,8,512,0,14,142000,2,155,0,1,0,0,0,0,0,0,20,0,0,0,1,0,0,0,0,0,0
692,144,16,512,0,16,143000,2,112,0,1,0,0,0,0,0,0,18,0,0,0,0,1,0,0,0,0,0
693,144,16,512,0,13,146000,2,155,0,1,0,0,0,0,0,0,11,0,0,0,1,0,0,0,0,0,0
694,144,8,512,0,16,148000,2,135,0,0,1,0,0,0,0,0,17,0,0,0,1,0,0,0,0,0,0
695,144,16,512,0,13,148000,2,155,0,0,1,0,0,0,0,0,11,0,0,0,1,0,0,0,0,0,0
696,144,16,512,0,16,152000,2,133,0,0,1,0,0,0,0,0,18,0,0,0,0,1,0,0,0,0,0
697,144,8,512,0,14,153000,2,155,0,1,0,0,0,0,0,0,11,0,0,0,1,0,0,0,0,0,0
698,144,16,512,0,13,154000,2,155,0,0,1,0,0,0,0,0,11,0,0,0,1,0,0,0,0,0,0
699,144,16,512,0,13,154000,2,155,0,0,1,0,0,0,0,0,11,0,0,0,1,0,0,0,0,0,0
700,144,16,512,0,16,161000,2,133,0,0,1,0,0,0,0,0,19,0,0,0,1,0,0,0,0,0,0
701,120,8,512,0,17,167000,2,133,0,0,1,0,0,0,0,0,19,0,0,0,0,0,1,0,0,0,0
702,60,4,0,1024,16,59000,4,146,1,0,0,0,0,0,0,0,11,0,0,0,0,0,1,0,0,0,0
703,60,4,0,1024,14,59000,4,146,1,0,0,0,0,0,0,0,11,0,0,0,0,0,1,0,0,0,0
704,60,8,0,1024,14,62000,4,146,1,0,0,0,0,0,0,0,11,0,0,0,0,0,1,0,0,0,0
705,144,4,0,1024,14,65500,4,79,1,0,0,0,0,0,0,0,11,0,0,0,1,0,0,0,0,0,0
706,144,4,0,1024,14,79000,4,146,0,1,0,0,0,0,0,0,11,0,0,0,1,0,0,0,0,0,0
707,144,4,0,1024,16,79000,4,146,0,1,0,0,0,0,0,0,11,0,0,0,1,0,0,0,0,0,0
708,144,8,256,0,16,94000,4,76,0,1,0,0,0,0,0,0,20,0,0,0,1,0,0,0,0,0,0
709,144,8,256,0,13,103000,4,76,0,1,0,0,0,0,0,0,11,0,0,0,1,0,0,0,0,0,0
710,144,8,512,0,16,108000,4,38,0,1,0,0,0,0,0,0,18,0,0,0,1,0,0,0,0,0,0
711,144,8,512,0,16,112000,4,146,0,0,1,0,0,0,0,0,20,0,0,0,0,1,0,0,0,0,0
712,144,8,256,0,14,118000,4,76,0,1,0,0,0,0,0,0,11,0,0,0,1,0,0,0,0,0,0
713,144,8,256,0,13,118000,4,76,0,1,0,0,0,0,0,0,11,0,0,0,0,1,0,0,0,0,0
714,144,8,512,0,13,119000,4,76,0,1,0,0,0,0,0,0,11,0,0,0,1,0,0,0,0,0,0
715,144,8,512,0,14,120000,4,76,0,0,1,0,0,0,0,0,11,0,0,0,0,1,0,0,0,0,0
716,120,8,512,0,14,121000,4,76,0,0,1,0,0,0,0,0,11,0,0,0,1,0,0,0,0,0,0
717,144,8,512,0,16,125000,4,38,0,0,1,0,0,0,0,0,17,0,0,0,1,0,0,0,0,0,0
718,144,8,512,0,14,125000,4,76,0,1,0,0,0,0,0,0,20,0,0,0,1,0,0,0,0,0,0
719,144,16,512,0,16,135000,4,38,0,1,0,0,0,0,0,0,17,0,0,0,0,1,0,0,0,0,0
720,144,16,512,0,14,135000,4,76,0,0,1,0,0,0,0,0,11,0,0,0,1,0,0,0,0,0,0
721,144,8,256,0,13,140000,4,148,0,1,0,0,0,0,0,0,11,0,0,0,1,0,0,0,0,0,0
722,144,8,512,0,13,148000,4,76,0,0,1,0,0,0,0,0,20,0,0,0,1,0,0,0,0,0,0
723,144,16,512,0,16,155000,4,76,0,0,1,0,0,0,0,0,18,0,0,0,1,0,0,0,0,0,0
724,144,16,256,1024,16,156000,4,38,0,0,1,0,0,0,0,0,17,0,0,0,1,0,0,0,0,0,0
725,144,16,512,0,14,156000,4,76,0,0,1,0,0,0,0,0,20,0,0,0,1,0,0,0,0,0,0
726,144,8,512,0,16,158000,4,40,0,0,1,0,0,0,0,0,6,0,1,0,0,0,0,0,0,0,0
727,144,16,512,0,13,160000,4,76,0,0,1,0,0,0,0,0,11,0,0,0,1,0,0,0,0,0,0
728,144,16,1024,0,16,175000,4,146,0,0,1,0,0,0,0,0,18,0,0,0,1,0,0,0,0,0,0
729,144,16,512,0,13,185000,4,148,0,0,1,0,0,0,0,0,11,0,0,0,1,0,0,0,0,0,0
730,144,16,256,0,16,195000,4,148,0,0,1,0,0,0,0,0,18,0,1,0,0,0,0,0,0,0,0
731,144,16,512,0,13,200000,4,148,0,0,1,0,0,0,0,0,11,0,0,0,0,1,0,0,0,0,0
732,300,16,512,0,13,200000,4,148,0,0,1,0,0,0,0,0,11,0,0,0,1,0,0,0,0,0,0
733,144,16,512,0,16,310000,4,18,0,0,1,0,0,0,0,0,27,0,0,0,0,1,0,0,0,0,0
734,60,4,128,0,12,47000,6,106,0,0,0,0,1,0,0,0,11,0,0,0,0,0,1,0,0,0,0
735,60,4,0,1024,14,59000,6,88,1,0,0,0,0,0,0,0,11,0,0,0,0,0,1,0,0,0,0
736,60,8,256,0,14,60000,6,88,0,0,0,0,0,0,0,1,11,0,0,0,0,0,1,0,0,0,0
737,60,8,128,0,14,72000,6,100,1,0,0,0,0,0,0,0,11,0,0,0,0,0,1,0,0,0,0
738,60,8,256,0,14,79000,6,88,0,1,0,0,0,0,0,0,11,0,0,0,0,0,1,0,0,0,0
739,144,8,256,0,16,88000,6,78,0,1,0,0,0,0,0,0,11,0,0,0,1,0,0,0,0,0,0
740,144,4,0,1024,14,89000,6,88,0,1,0,0,0,0,0,0,20,0,0,0,1,0,0,0,0,0,0
741,60,8,512,0,16,97000,6,100,0,0,0,0,0,0,0,1,9,0,0,0,0,0,1,0,0,0,0
742,144,8,0,1024,16,105000,6,78,0,0,1,0,0,0,0,0,20,0,0,0,1,0,0,0,0,0,0
743,144,8,256,0,16,108000,6,100,0,0,0,0,0,0,0,1,18,0,0,0,0,1,0,0,0,0,0
744,144,8,512,0,16,112000,6,100,0,0,1,0,0,0,0,0,9,0,0,0,0,1,0,0,0,0,0
745,144,8,512,0,14,115000,6,100,0,1,0,0,0,0,0,0,11,0,0,0,1,0,0,0,0,0,0
746,144,8,256,0,13,120000,6,31,0,1,0,0,0,0,0,0,11,0,0,0,0,1,0,0,0,0,0
747,144,8,512,0,13,140000,6,31,0,0,1,0,0,0,0,0,11,0,0,0,0,1,0,0,0,0,0
748,144,8,256,0,13,142000,6,124,0,1,0,0,0,0,0,0,11,0,1,0,0,0,0,0,0,0,0
749,144,8,512,0,13,148000,6,31,0,0,1,0,0,0,0,0,11,0,0,0,1,0,0,0,0,0,0
750,144,8,512,0,16,160000,6,92,0,0,1,0,0,0,0,0,19,0,0,0,1,0,0,0,0,0,0
751,144,16,1024,0,16,175000,6,92,0,0,1,0,0,0,0,0,19,0,0,0,0,1,0,0,0,0,0
752,144,8,512,0,13,185000,6,124,0,0,1,0,0,0,0,0,11,1,0,0,0,0,0,0,0,0,0
753,144,16,512,0,16,225000,6,124,0,0,1,0,0,0,0,0,20,0,0,0,1,0,0,0,0,0,0
754,144,8,512,0,16,122000,12,85,0,1,0,0,0,0,0,0,23,0,0,0,1,0,0,0,0,0,0
755,144,8,512,0,16,122000,12,85,0,1,0,0,0,0,0,0,24,0,0,0,1,0,0,0,0,0,0
756,144,8,512,0,16,135000,12,52,0,1,0,0,0,0,0,0,18,0,0,0,1,0,0,0,0,0,0
757,144,8,512,0,16,135000,12,85,0,0,1,0,0,0,0,0,23,0,0,0,1,0,0,0,0,0,0
758,144,8,512,0,16,135000,12,85,0,0,1,0,0,0,0,0,24,0,0,0,1,0,0,0,0,0,0
759,144,8,512,0,16,145000,12,56,0,1,0,0,0,0,0,0,18,0,0,0,1,0,0,0,0,0,0
760,144,8,128,1024,17,148000,12,54,0,0,1,0,0,0,0,0,18,0,0,0,1,0,0,0,0,0,0
761,120,8,512,0,16,152000,12,52,0,0,1,0,0,0,0,0,18,0,0,0,1,0,0,0,0,0,0
762,144,8,512,0,16,160000,12,56,0,0,1,0,0,0,0,0,18,0,0,0,1,0,0,0,0,0,0
763,144,8,512,0,16,162000,12,52,0,0,1,0,0,0,0,0,18,0,0,0,1,0,0,0,0,0,0
764,120,16,256,1024,16,165000,12,46,0,0,1,0,0,0,0,0,17,0,0,0,1,0,0,0,0,0,0
765,120,8,512,0,16,168000,12,53,0,1,0,0,0,0,0,0,19,0,0,0,1,0,0,0,0,0,0
766,144,16,512,0,16,170000,12,53,0,0,1,0,0,0,0,0,19,0,0,0,1,0,0,0,0,0,0
767,144,16,512,0,14,180000,12,103,0,0,1,0,0,0,0,0,24,0,0,0,1,0,0,0,0,0,0
768,120,8,512,0,16,183000,12,53,0,0,1,0,0,0,0,0,19,0,0,0,1,0,0,0,0,0,0
769,120,16,256,1024,16,185000,12,56,0,0,1,0,0,0,0,0,19,0,0,0,1,0,0,0,0,0,0
770,144,16,512,0,16,185000,12,53,0,0,1,0,0,0,0,0,19,0,0,0,1,0,0,0,0,0,0
771,144,16,512,0,14,188000,12,103,0,0,1,0,0,0,0,0,18,0,0,0,1,0,0,0,0,0,0
772,144,16,512,0,16,195000,12,53,0,0,1,0,0,0,0,0,26,0,0,0,1,0,0,0,0,0,0
773,144,16,512,0,16,205000,12,58,0,0,1,0,0,0,0,0,19,0,0,0,1,0,0,0,0,0,0
774,120,16,512,0,16,205000,12,59,0,0,1,0,0,0,0,0,19,0,0,0,1,0,0,0,0,0,0
775,144,16,256,1024,16,208000,12,56,0,0,1,0,0,0,0,0,19,0,0,0,1,0,0,0,0,0,0
776,144,16,256,1024,16,215000,12,56,0,0,1,0,0,0,0,0,19,0,0,0,1,0,0,0,0,0,0
777,144,16,256,1024,16,227000,12,56,0,0,1,0,0,0,0,0,26,0,0,0,1,0,0,0,0,0,0
778,144,16,512,0,16,230000,12,62,0,0,1,0,0,0,0,0,19,0,0,0,1,0,0,0,0,0,0
779,144,32,1024,0,16,240000,12,96,0,0,1,0,0,0,0,0,19,1,0,0,0,0,0,0,0,0,0
780,144,16,1024,0,16,240000,12,103,0,0,1,0,0,0,0,0,18,0,0,0,1,0,0,0,0,0,0
781,240,16,512,1024,16,255000,12,59,0,0,1,0,0,0,0,0,27,0,0,0,1,0,0,0,0,0,0
782,144,16,1024,0,16,260000,12,48,0,0,1,0,0,0,0,0,26,0,0,0,1,0,0,0,0,0,0
783,144,32,1024,0,16,260000,12,96,0,0,1,0,0,0,0,0,26,0,0,0,1,0,0,0,0,0,0
784,144,32,0,0,16,270000,12,59,0,0,1,0,0,0,0,0,27,0,0,0,1,0,0,0,0,0,0
785,144,32,512,1024,16,280000,12,59,0,0,1,0,0,0,0,0,27,0,0,0,1,0,0,0,0,0,0
786,144,16,1024,0,17,280000,12,62,0,0,1,0,0,0,0,0,26,0,0,0,1,0,0,0,0,0,0
787,240,16,512,0,16,295000,12,64,0,0,1,0,0,0,0,0,19,0,0,0,1,0,0,0,0,0,0
788,240,16,1024,0,16,306000,12,49,0,0,1,0,0,0,0,0,27,0,0,0,1,0,0,0,0,0,0
789,240,16,1024,1024,16,310000,12,62,0,0,1,0,0,0,0,0,27,0,0,0,1,0,0,0,0,0,0
790,144,16,1024,0,16,310000,12,62,0,0,1,0,0,0,0,0,27,0,0,0,1,0,0,0,0,0,0
791,240,32,512,0,17,350000,12,50,0,0,1,0,0,0,0,0,27,0,0,0,1,0,0,0,0,0,0
792,240,16,2048,0,16,370000,12,49,0,0,1,0,0,0,0,0,27,0,0,0,1,0,0,0,0,0,0
793,300,16,1024,0,16,370000,12,49,0,0,0,1,0,0,0,0,27,0,0,0,1,0,0,0,0,0,0
794,144,32,1024,0,16,395000,12,64,0,0,1,0,0,0,0,0,27,1,0,0,0,0,0,0,0,0,0
