brandname,model,cpucore,refreshrate,gpu,ram,ssd,rom,display,displayquality,price,zscore_price
acer,Aspire 5,I5G10,144.0,Intel UHD,16.0,256.0,0.0,16.0,fhd,84000,-0.9712855277222531
acer,Aspire 5,I5G10,60.0,Intel UHD,8.0,512.0,0.0,16.0,hd,90000,-0.8810118940927193
acer,Swift 3,I5G10,144.0,MX350,8.0,256.0,0.0,14.0,fhd,89000,-0.8960574996976416
acer,Swift 3,I5G10,144.0,MX350,8.0,512.0,0.0,14.0,fhd,93000,-0.8358750772779524
acer,Swift 3,I7G10,144.0,MX350,8.0,512.0,0.0,14.0,fhd,115990,-0.48997660442078866
acer,Swift 3,ryzen5,144.0,Vega 8,8.0,256.0,0.0,14.0,fhd,95000,-0.8057838660681078
acer,Nitro 5,I5G10,144.0,GTX 1650 Ti,8.0,0.0,1024.0,16.0,fhd,115000,-0.5048717539696618
acer,Nitro 5,I5G10,144.0,GTX 1650 Ti,8.0,256.0,0.0,16.0,fhd,118000,-0.45973493715489483
acer,Nitro 5,I5G10,144.0,GTX 1650 Ti,8.0,512.0,0.0,16.0,fhd,125000,-0.3544156979204387
acer,Nitro 5,I5G10,144.0,RTX 2060,8.0,0.0,1024.0,16.0,fhd,140000,-0.12873161384660417
acer,Nitro 5,I7G10,144.0,GTX 1650 Ti,8.0,256.0,0.0,16.0,fhd,145000,-0.05350358582199265
acer,Nitro 5,I7G10,144.0,GTX 1650 Ti,8.0,512.0,0.0,16.0,fhd,155000,0.09695247022723039
acer,Nitro 5,ryzen5,144.0,GTX 1650 Ti,8.0,0.0,1024.0,16.0,fhd,126000,-0.3393700923155164
acer,Nitro 5,ryzen5,144.0,GTX 1650 Ti,8.0,256.0,0.0,16.0,fhd,123000,-0.3845069091302833
acer,Nitro 5,ryzen,144.0,GTX 1650 Ti,8.0,0.0,1024.0,16.0,fhd,137000,-0.17386843066137106
acer,Nitro 5,I7,144.0,GTX 1650 Ti,8.0,512.0,0.0,16.0,fhd,144000,-0.06854919142691496
acer,Predator Helios,I5G10,144.0,GTX 1660 Ti,8.0,512.0,0.0,16.0,fhd,149000,0.006678836597696563
acer,Predator Helios,I5G10,144.0,GTX 1660 Ti,8.0,512.0,0.0,16.0,fhd,169000,0.3075909486961426
acer,Predator Helios,I7G10,144.0,GTX 1660 Ti,16.0,512.0,0.0,16.0,fhd,190000,0.623548666399511
acer,Predator Helios,I7G10,144.0,RTX 2060,16.0,512.0,0.0,16.0,fhd,182000,0.5031838215601325
acer,Predator Helios,I7G10,144.0,RTX 2070,16.0,512.0,0.0,16.0,fhd,235000,1.3006009186210146
acer,Predator Triton,I7G10,144.0,RTX 2070,16.0,512.0,0.0,16.0,fhd,214000,0.9846432009176462
acer,Predator Triton,I7G10,144.0,RTX 2070,16.0,512.0,0.0,16.0,fhd,265000,1.7519690867686837
asus,VivoBook 14,celeron,60.0,Intel UHD,4.0,256.0,0.0,14.0,hd,48000,-1.512927329499456
asus,VivoBook 14,I5G10,144.0,Intel UHD,8.0,256.0,0.0,14.0,fhd,83000,-0.9863311333271754
asus,VivoBook 15,celeron,144.0,Intel UHD,4.0,256.0,0.0,16.0,fhd,48000,-1.512927329499456
asus,VivoBook 15,ryzen5,144.0,Radeon graphics,8.0,256.0,0.0,16.0,fhd,87000,-0.9261487109074862
asus,VivoBook 15,I5G10,144.0,Intel UHD,8.0,512.0,0.0,16.0,fhd,88000,-0.9111031053025639
asus,VivoBook 15,I7G10,144.0,MX330,8.0,1024.0,0.0,16.0,fhd,116000,-0.4898261483647394
asus,VivoBook K403FA,I5G10,144.0,Intel UHD,8.0,512.0,0.0,14.0,fhd,106000,-0.6402822044139624
asus,VivoBook K403JA,I5G10,144.0,Intel UHD,8.0,512.0,0.0,14.0,fhd,106666,-0.6302618310810842
asus,VivoBook K403JA,I7G10,144.0,Intel UHD,16.0,512.0,0.0,14.0,fhd,131111,-0.26247200206875854
asus,VivoBook Flip,I3G10,144.0,Intel UHD,4.0,256.0,0.0,14.0,fhd,83000,-0.9863311333271754
asus,VivoBook Flip,ryzen5,144.0,Radeon Graphics,8.0,512.0,0.0,14.0,fhd,108000,-0.6101909932041178
asus,VivoBook Flip,ryzen5,144.0,Radeon Graphics,8.0,512.0,0.0,14.0,fhd,116000,-0.4898261483647394
asus,VivoBook S15,I7G10,144.0,MX250,8.0,512.0,0.0,16.0,fhd,128888,-0.2959183833285008
asus,VivoBook S15,I7G10,144.0,MX350,16.0,512.0,0.0,16.0,fhd,141111,-0.11201594601953549
asus,ZenBook 13 UX325JA,I5G10,144.0,Intel UHD,8.0,512.0,0.0,13.0,fhd,125000,-0.3544156979204387
asus,ZenBook 13 UX325JA,I7G10,144.0,Intel Iris Plus,16.0,512.0,0.0,13.0,fhd,148000,-0.00836676900722574
asus,ZenBook 13 UX325EA,I5G11,144.0,Intel Iris Xe,8.0,512.0,0.0,13.0,fhd,133000,-0.23405085308106027
asus,ZenBook 13 UX325EA,I7G11,144.0,Intel Iris Plus,16.0,512.0,0.0,13.0,fhd,154000,0.08190686462230808
asus,ZenBook 14 UX434FQ,I5G10,144.0,Intel UHD,8.0,512.0,0.0,14.0,fhd,142000,-0.09864040263675956
asus,ZenBook 14 UX425JA,I5G10,144.0,Intel UHD,8.0,512.0,0.0,14.0,fhd,125000,-0.3544156979204387
asus,ZenBook 14 UX425EA,I5G11,144.0,Intel Iris Xe,8.0,512.0,0.0,14.0,fhd,133000,-0.23405085308106027
asus,ZenBook 14 UX435EG,I5G11,144.0,GeForce MX450,8.0,512.0,0.0,14.0,fhd,153000,0.06686125901738578
asus,ZenBook 14 UX435EG,I7G11,144.0,GeForce MX450,16.0,512.0,0.0,14.0,fhd,176000,0.41291018793059875
asus,ZenBook 14 UX425EA,I7G11,144.0,Intel Iris Plus,16.0,512.0,0.0,14.0,fhd,154000,0.08190686462230808
asus,ZenBook 15 UX534FTC,I7G10,144.0,GeForce GTX 1650,16.0,1024.0,0.0,16.0,fhd,207000,0.8793239616831902
asus,ZenBook Flip 14 UX463FA,I5G10,144.0,Intel UHD,8.0,512.0,0.0,14.0,fhd,134000,-0.21900524747613798
asus,ZenBook Flip 13 UX363FA,I5G10,144.0,Intel Iris Plus,8.0,512.0,0.0,13.0,fhd,128000,-0.3092788811056718
asus,ZenBook Flip 13 UX363EA,I7G10,144.0,Intel Iris Plus,16.0,512.0,0.0,13.0,fhd,176000,0.41291018793059875
asus,ZenBook Duo UX481,I7G10,144.0,GeForce MX250,16.0,1024.0,0.0,14.0,fhd,215000,0.9996888065225685
asus,TUF F15 FX506LI,I5G10,144.0,GTX 1650 Ti,8.0,512.0,0.0,16.0,fhd,120000,-0.42964372594505024
asus,TUF F15 FX506LI,I5G10,144.0,GTX 1650 Ti,16.0,512.0,0.0,16.0,fhd,125000,-0.3544156979204387
asus,TUF F15 FX506LU,I7G10,144.0,GTX 1660 Ti,16.0,512.0,0.0,16.0,fhd,183333,0.523239613831494
asus,TUF F15 FX506LH,I7G10,144.0,GTX 1650,8.0,512.0,0.0,16.0,fhd,148000,-0.00836676900722574
asus,TUF F15 FX506LH,I7G10,144.0,GTX 1650 Ti,16.0,512.0,0.0,16.0,fhd,157777,0.13873411699209962
asus,TUF Dash F15 2021,I5G11,144.0,RTX 3060,8.0,512.0,0.0,16.0,fhd,183000,0.5182294271650548
asus,TUF Dash F15 2021,I7G11,144.0,RTX 3060,8.0,512.0,0.0,16.0,fhd,215000,0.9996888065225685
asus,TUF Dash F15 2021,I7G11,240.0,RTX 3070,16.0,1024.0,0.0,16.0,fhd,183000,0.5182294271650548
asus,TUF A15 FA506II,I7,144.0,GTX 1650 Ti,16.0,512.0,0.0,16.0,fhd,152000,0.05181565341246347
asus,TUF A15 FA506IU,I7,144.0,GTX 1660 Ti,16.0,512.0,0.0,16.0,fhd,161000,0.1872261038567642
asus,ROG Strix G15 G512LI,I5G10,144.0,GTX 1650 Ti,16.0,512.0,0.0,16.0,fhd,148000,-0.00836676900722574
asus,ROG Strix G15 G512LI,I7G10,144.0,GTX 1650 Ti,16.0,512.0,0.0,16.0,fhd,168800,0.30458182757515817
asus,ROG Strix Scar 15 G533WS,ryzen5,300.0,RTX 3080,16.0,1024.0,0.0,16.0,fhd,410000,3.9335818994824177
asus,Zephyrus G14 GA401IU,I7,120.0,GTX 1660 Ti,16.0,512.0,0.0,14.0,fhd,200000,0.774004722448734
dell,Inspiron 15 3501,I3G10,60.0,Intel UHD,4.0,0.0,1024.0,16.0,hd,58750,-1.3511870692465413
dell,Inspiron 15 3501,I5G11,144.0,MX330,4.0,0.0,1024.0,16.0,fhd,86235,-0.9376585991952517
dell,Inspiron 13 5391,I5G10,144.0,Intel UHD,8.0,256.0,0.0,13.0,fhd,102000,-0.7004646268336516
dell,Inspiron 13 5391,I5G10,144.0,Intel UHD,8.0,256.0,0.0,13.0,fhd,103000,-0.6854190212287293
dell,Inspiron 14 5301,I5G11,144.0,MX350,8.0,512.0,0.0,13.0,fhd,126270,-0.3353077788021874
dell,Inspiron 14 5301,I7G11,144.0,MX350,8.0,512.0,0.0,13.0,fhd,140490,-0.12135926710019224
dell,Inspiron 14 5406,I5G11,144.0,Iris Xe,8.0,512.0,0.0,14.0,fhd,126380,-0.33365276218564593
dell,Inspiron 14 5406,I5G11,144.0,MX230,8.0,512.0,0.0,14.0,fhd,135835,-0.19139656119110554
dell,Inspiron 14 5406,I7G11,144.0,MX230,8.0,512.0,0.0,14.0,fhd,154455,0.08875261517254772
dell,Inspiron 15 5502,I7G11,144.0,Intel UHD,8.0,256.0,0.0,16.0,fhd,120000,-0.42964372594505024
dell,Inspiron 15 5505,I7,144.0,Radeon,8.0,512.0,0.0,16.0,fhd,113905,-0.5213466921070516
dell,Inspiron 15 5593,I5G10,144.0,MX230,8.0,512.0,0.0,16.0,fhd,95000,-0.8057838660681078
dell,Inspiron 13 7306,I5G11,144.0,Intel Iris Xe,8.0,512.0,0.0,13.0,fhd,161405,0.19331957412675774
dell,Inspiron 13 7306,I7G11,144.0,Intel Iris Xe,16.0,512.0,0.0,13.0,4k,189905,0.6221193338670433
dell,Inspiron 13 7391,I5G10,144.0,Intel Iris Xe,8.0,256.0,0.0,13.0,fhd,118000,-0.45973493715489483
dell,Inspiron 13 7391,I5G10,144.0,Intel Iris Xe,8.0,512.0,0.0,13.0,4k,120000,-0.42964372594505024
dell,Inspiron 13 7391,I7G10,144.0,Intel Iris Xe,8.0,256.0,0.0,13.0,fhd,148000,-0.00836676900722574
dell,Inspiron 13 7391,I7G10,144.0,Intel Iris Xe,16.0,512.0,0.0,13.0,4k,157000,0.12704368143707498
dell,Inspiron 14 7490,I5G10,144.0,Intel Iris Xe,8.0,256.0,0.0,14.0,fhd,118000,-0.45973493715489483
dell,Inspiron 14 7490,I7G10,144.0,Intel Iris Xe,8.0,512.0,0.0,14.0,fhd,120000,-0.42964372594505024
dell,Inspiron 14 7490,I7G10,144.0,Intel Iris Xe,8.0,256.0,0.0,14.0,fhd,125000,-0.3544156979204387
dell,Inspiron 14 7490,I5G10,144.0,Intel Iris Xe,8.0,512.0,0.0,14.0,fhd,125000,-0.3544156979204387
dell,Inspiron 14 7490,I7G10,144.0,Intel Iris Xe,16.0,512.0,0.0,14.0,fhd,156000,0.11199807583215268
dell,Inspiron 15 7500,I7G10,144.0,Intel Iris Xe,16.0,1024.0,0.0,16.0,fhd,175000,0.39786458232567645
dell,G3 G3500,I5G10,144.0,GTX 1650 Ti,8.0,512.0,0.0,16.0,fhd,125000,-0.3544156979204387
dell,G3 G3500,I5G10,144.0,GTX 1660 Ti,16.0,512.0,0.0,16.0,fhd,135000,-0.20395964187121568
dell,G5 15 5500,I7G10,144.0,RTX 2070,8.0,512.0,0.0,16.0,fhd,205105,0.8508125390618624
dell,G5 15 5500,I7G10,144.0,RTX 2070,16.0,1024.0,0.0,16.0,fhd,242250,1.4096815592567014
dell,G5 15 SE,I7,144.0,RX 5600M,8.0,512.0,0.0,16.0,fhd,152800,0.06385213789640132
dell,G5 15 SE,I7,144.0,RX 5600M,8.0,512.0,0.0,16.0,fhd,158000,0.14208928704199728
dell,G5 15 SE,I7,144.0,RX 5600M,16.0,512.0,0.0,16.0,fhd,158800,0.15412577152593512
dell,G7 7500,I7G10,144.0,RTX 2060,16.0,512.0,0.0,16.0,fhd,237500,1.3382149326333204
dell,Alienware m15 R3,I7G10,300.0,RTX 2070 SUPER,16.0,512.0,0.0,16.0,fhd,310000,2.429021338990187
dell,Vostro 14 3400,I3G11,60.0,Intel UHD,4.0,0.0,1024.0,14.0,hd,60000,-1.3323800622403883
dell,Vostro 14 3400,I5G11,144.0,Intel Iris Xe,4.0,0.0,1024.0,14.0,fhd,77500,-1.0690819641542482
dell,Vostro 14 3401,I3G10,60.0,Intel UHD,4.0,0.0,1024.0,14.0,hd,57500,-1.369994076252694
dell,Vostro 14 3401,I3G10,144.0,Intel UHD,4.0,0.0,1024.0,14.0,fhd,60040,-1.3317782380161916
dell,Vostro 15 3500,I7G11,144.0,MX330,8.0,512.0,0.0,16.0,fhd,112000,-0.5500085707844287
dell,Vostro 15 3500,I5G11,144.0,Intel Iris Xe,4.0,0.0,1024.0,16.0,fhd,77501,-1.0690669185486432
dell,Vostro 15 3500,I5G11,60.0,Intel ,8.0,256.0,0.0,14.0,hd,85000,-0.9562399221173308
dell,Vostro 15 3500,I5G11,60.0,NVIDIA 2GB,8.0,256.0,0.0,14.0,hd,90000,-0.8810118940927193
dell,Vostro 15 3501,I3G10,60.0,Intel UHD,4.0,0.0,1024.0,14.0,hd,57500,-1.369994076252694
dell,Latitude 14 3410,I5G10,60.0,Intel UHD,4.0,0.0,1024.0,14.0,hd,82500,-0.9938539361296366
dell,XPS 13 7390,I5G10,144.0,Intel UHD,8.0,256.0,0.0,13.0,fhd,140000,-0.12873161384660417
dell,XPS 13 7390,I5G10,144.0,Intel UHD,8.0,256.0,0.0,13.0,fhd,144800,-0.05651270694297711
dell,XPS 13 7390,I7G10,144.0,Intel UHD,16.0,512.0,0.0,13.0,fhd,200000,0.774004722448734
dell,XPS 13 9310,I5G11,144.0,Iris Xe,8.0,512.0,0.0,13.0,fhd,214740,0.9957769490652888
dell,XPS 13 9310,I5G11,144.0,Iris Xe,8.0,256.0,0.0,13.0,fhd,228050,1.1960339596668046
dell,XPS 13 9310,I5G11,144.0,Iris Xe,16.0,512.0,0.0,13.0,fhd,308850,2.4117188925445268
dell,XPS 13 9300,I7G10,144.0,Iris Xe,16.0,512.0,0.0,13.0,4k,210800,0.9364972629818948
dell,XPS 15 9500,I5G10,144.0,Intel UHD,8.0,512.0,0.0,16.0,fhd,174800,0.39485546120469195
dell,XPS 15 9500,I7G10,144.0,GTX 1650 Ti,16.0,512.0,0.0,16.0,4k,258800,1.6586863320181655
dell,XPS 15 9500,I7G10,144.0,GTX 1650 Ti,16.0,512.0,0.0,16.0,4k,268800,1.8091423880673885
hp,hp Laptop 14,I3G10,144.0,Intel UHD,8.0,0.0,0.0,14.0,fhd,61990,-1.302439307086593
hp,hp Laptop 14,I5G10,60.0,Intel UHD,8.0,0.0,0.0,14.0,hd,78990,-1.0466640118029138
hp,hp Laptop 15,I3G11,60.0,Intel UHD,8.0,0.0,0.0,16.0,hd,64990,-1.2573024902718262
hp,hp Laptop 14,I3G10,60.0,Intel UHD,8.0,0.0,0.0,14.0,hd,64800,-1.2601611553367613
hp,hp Laptop 14,I5G10,60.0,Radeon 530,4.0,0.0,0.0,14.0,hd,79990,-1.0316184061979916
hp,hp Laptop 15,I5G10,60.0,Radeon 531,8.0,128.0,1024.0,14.0,hd,86990,-0.9262991669635354
hp,hp Laptop 15,I7G10,60.0,Intel Iris,8.0,256.0,0.0,16.0,hd,99990,-0.7307062940995455
hp,Notebook 14s,I3G10,144.0,Intel UHD,8.0,256.0,0.0,14.0,fhd,63000,-1.2872432454256215
hp,Notebook 14s,I3G10,144.0,Intel UHD,4.0,512.0,0.0,14.0,fhd,68500,-1.2044924145985487
hp,Notebook 14s,I5G10,144.0,MX130,4.0,0.0,1024.0,14.0,fhd,89000,-0.8960574996976416
hp,Pavilion 14 c360m,I5G11,144.0,Intel UHD,8.0,256.0,0.0,14.0,fhd,110000,-0.5800997819942733
hp,Pavilion X360 2020,I5G11,144.0,Iris Xe,8.0,512.0,0.0,14.0,fhd,115000,-0.5048717539696618
hp,Pavilion 15,ryzen5,144.0,Radeon,8.0,512.0,0.0,16.0,fhd,99990,-0.7307062940995455
hp,Pavilion Power 15 2020,ryzen5,144.0,GTX 1650,8.0,256.0,0.0,16.0,fhd,108000,-0.6101909932041178
hp,Pavilion 15 Gaming,ryzen5,144.0,GTX 1650,4.0,256.0,0.0,16.0,fhd,106800,-0.6282457199300246
hp,Pavilion 15 Gaming,I5G10,144.0,GTX 1660 Ti,8.0,512.0,0.0,16.0,fhd,134800,-0.20696876299220013
hp,Pavilion 16 Gaming,I7G10,144.0,GTX 1650 Ti,8.0,512.0,0.0,16.0,fhd,146800,-0.026421495733132502
hp,Envy 13,I5G11,144.0,Iris Xe,8.0,256.0,0.0,13.0,fhd,114990,-0.5050222100257109
hp,Envy 13,I5G11,144.0,Iris Xe,8.0,256.0,0.0,13.0,fhd,120000,-0.42964372594505024
hp,Envy 13,I7G11,144.0,Iris Plus,8.0,512.0,0.0,13.0,4k,148000,-0.00836676900722574
hp,Envy x360 2020,I7G11,144.0,Iris Xe,8.0,512.0,0.0,13.0,fhd,140000,-0.12873161384660417
hp,hp Omen 15,I7,144.0,GTX 1660 Ti,8.0,512.0,0.0,16.0,fhd,160000,0.1721804982518419
hp,hp Omen 15,I7,144.0,GTX 1660 Ti,16.0,1024.0,0.0,16.0,fhd,175000,0.39786458232567645
hp,hp Spectre 13 x360,I5G10,144.0,Iris Plus,8.0,256.0,0.0,13.0,fhd,142000,-0.09864040263675956
hp,hp Spectre 13 x360,I7G10,144.0,Iris Plus,8.0,512.0,0.0,13.0,fhd,185000,0.5483206383748994
hp,hp Spectre 15 x360,I7G10,144.0,MX250,16.0,512.0,0.0,16.0,4k,225000,1.1501448625717916
lenovo,V14-IIL 8C24,I5G10,60.0,Intel UHD,4.0,0.0,1024.0,14.0,hd,82000,-1.0013767389320978
lenovo,IdeaPad S145,I3G10,60.0,Intel UHD,4.0,0.0,1024.0,14.0,hd,59800,-1.335389183361373
lenovo,IdeaPad S540,I7G10,60.0,Intel UHD,8.0,256.0,0.0,13.0,hd,119990,-0.4297941820010994
lenovo,IdeaPad S540,I7G10,60.0,Intel UHD,16.0,512.0,0.0,13.0,hd,129990,-0.2793381259518764
lenovo,IdeaPad 3,I5G10,144.0,Intel UHD,8.0,512.0,0.0,14.0,fhd,75990,-1.0918008286176808
lenovo,IdeaPad 5 2020,I5G10,144.0,Intel UHD,8.0,256.0,0.0,14.0,fhd,85000,-0.9562399221173308
lenovo,IdeaPad Flex 5,ryzen3,144.0,Radeon,4.0,256.0,0.0,14.0,fhd,74000,-1.1217415837714761
lenovo,IdeaPad Slim 7,I7G10,144.0,MX350,16.0,512.0,0.0,14.0,fhd,134990,-0.2041100979272649
lenovo,IdeaPad Gaming 3,I7,144.0,GTX 1650 Ti,8.0,256.0,1024.0,16.0,fhd,139000,-0.14377721945152647
lenovo,IdeaPad Gaming 3,I7G10,144.0,GTX 1650 Ti,16.0,256.0,1024.0,16.0,fhd,152000,0.05181565341246347
lenovo,Flex 5,ryzen5,144.0,Radeon,16.0,256.0,0.0,14.0,fhd,110000,-0.5800997819942733
lenovo,Flex 14x 360,I7G10,144.0,Intel UHD,8.0,512.0,0.0,14.0,fhd,124990,-0.35456615397648794
lenovo,Flex 14 2021,ryzen5,144.0,Radeon graphics,16.0,256.0,0.0,14.0,fhd,118000,-0.45973493715489483
lenovo,Yoga C740,I5G10,144.0,Intel UHD,8.0,256.0,0.0,14.0,fhd,105000,-0.6553278100188847
lenovo,Yoga C940,I7G11,144.0,Iris Plus,8.0,512.0,0.0,13.0,fhd,169000,0.3075909486961426
lenovo,Yoga 7i,I5G11,144.0,Iris Xe,8.0,256.0,0.0,16.0,fhd,115000,-0.5048717539696618
lenovo,Yoga Duet 7i,I5G10,60.0,Intel UHD,8.0,512.0,0.0,13.0,hd,145000,-0.05350358582199265
lenovo,Yoga 7i,I5G11,144.0,Iris Xe,8.0,256.0,0.0,16.0,fhd,115000,-0.5048717539696618
lenovo,Yoga 7 2021,I7G11,144.0,Iris Xe,12.0,512.0,0.0,14.0,fhd,135000,-0.20395964187121568
lenovo,Yoga Slim 7i Carbon i7,I7G11,144.0,Iris Xe,16.0,1024.0,0.0,13.0,WQXGA,185000,0.5483206383748994
lenovo,Yoga 9 2021,I7G11,144.0,Iris Xe,16.0,512.0,0.0,14.0,Touch,198000,0.7439135112388894
lenovo,ThinkPad E14,I5G10,144.0,Intel UHD,8.0,0.0,1024.0,14.0,fhd,108800,-0.5981545087201801
lenovo,ThinkPad E14,I7G10,144.0,Intel UHD,8.0,256.0,0.0,14.0,fhd,138800,-0.14678634057251091
lenovo,ThinkPad L13 Yoga,I5G10,144.0,Intel UHD,8.0,256.0,0.0,13.0,fhd,135000,-0.20395964187121568
lenovo,ThinkPad T14,I5G10,144.0,Intel UHD,8.0,256.0,0.0,14.0,fhd,144000,-0.06854919142691496
lenovo,ThinkPad T490,I5G10,144.0,Intel UHD,8.0,256.0,0.0,14.0,fhd,145000,-0.05350358582199265
lenovo,Thinkpad X13,ryzen5,144.0,Radeon,16.0,256.0,0.0,13.0,fhd,143000,-0.08359479703183725
lenovo,TinkPad X390,I5G10,144.0,Intel UHD,8.0,256.0,0.0,13.0,fhd,159000,0.1571348926469196
lenovo,ThinkPad X1 Carbon 2020,I5G10,144.0,Intel UHD,8.0,256.0,0.0,13.0,fhd,179000,0.45804700474536564
lenovo,ThinkPad X1 Carbon 2020,I5G10,144.0,Intel UHD,16.0,512.0,0.0,13.0,fhd,198000,0.7439135112388894
lenovo,Legion 5,ryzen5,120.0,RTX 2060,8.0,512.0,0.0,16.0,fhd,154800,0.09394334910624592
lenovo,Legion 5,ryzen5,120.0,RTX 2060,16.0,512.0,0.0,16.0,fhd,160800,0.18421698273577974
lenovo,Legion 5,I7,120.0,GTX 1650,8.0,256.0,0.0,16.0,fhd,150000,0.021724442202618866
lenovo,Legion 5,I7,120.0,GTX 1660 Ti,16.0,512.0,0.0,16.0,fhd,170800,0.33467303878500276
lenovo,Legion 5,I7,120.0,RTX 2060,16.0,512.0,0.0,16.0,fhd,190800,0.6355851508834488
lenovo,Legion 5i,I7G10,120.0,GTX 1650 Ti,8.0,512.0,0.0,16.0,fhd,142800,-0.08660391815282172
lenovo,Legion 5i,I7G10,120.0,GTX 1660 Ti,8.0,512.0,1024.0,16.0,fhd,154800,0.09394334910624592
lenovo,Legion 5i,I7G10,144.0,RTX 2060,16.0,256.0,0.0,16.0,fhd,184800,0.545311517253915
lenovo,Legion 5i,I7G10,240.0,RTX 2060,16.0,512.0,0.0,16.0,fhd,195000,0.6987766944241225
lenovo,Legion 7i,I7G10,144.0,RTX 2070 Super Max-Q,16.0,1024.0,0.0,16.0,fhd,238800,1.3577742199197194
apple,MacBook Air,m1,144.0,Intel,8.0,256.0,0.0,13.0,fhd,159500,0.16465769544938075
apple,MacBook Air,m1,144.0,Intel,8.0,512.0,0.0,13.0,fhd,203000,0.8191415392635009
apple,MacBook Pro 13,m1,144.0,Intel,8.0,256.0,0.0,13.0,fhd,205000,0.8492327504733456
apple,MacBook Pro 13,m1,144.0,Intel,8.0,512.0,0.0,13.0,fhd,240000,1.3758289466456262
apple,MacBook Pro 13,m1,144.0,Intel,16.0,256.0,0.0,13.0,fhd,240000,1.3758289466456262
apple,MacBook Pro 13,m1,144.0,Intel,16.0,512.0,0.0,13.0,fhd,275000,1.9024251428179066
msi,msi Stealth 15M,I7G11,144.0,GTX 1660 Ti,16.0,512.0,0.0,16.0,fhd,229000,1.2103272849914808
msi,msi Stealth 15M,I7G11,144.0,RTX 2060 Max Q,16.0,512.0,0.0,16.0,fhd,239000,1.3607833410407038
msi,msi GS66 Stealth 10SE Thin,I7G10,144.0,RTX 2060,16.0,512.0,0.0,16.0,fhd,265000,1.7519690867686837
msi,msi GS66 Stealth 10SD Thin,I7G10,144.0,GTX 1660 Ti,16.0,512.0,0.0,16.0,fhd,255000,1.6015130307194607
msi,msi GS66 Stealth 10SFS Thin,I7G10,144.0,RTX 2070,32.0,1024.0,0.0,16.0,fhd,386000,3.5724873649642825
msi,msi GE66 Raider 10SF,I7G10,144.0,RTX 2070,16.0,1024.0,0.0,16.0,fhd,306000,2.368838916570498
msi,msi GE76 Raider 10UG,I7G10,144.0,RTX 3070,16.0,2048.0,0.0,16.0,fhd,320000,2.5794773950394103
msi,msi GE76 Raider 10UH,I7G10,144.0,RTX 3070,32.0,2048.0,0.0,16.0,fhd,350000,3.0308455631870794
msi,msi GP65 Leopard 10SDK,I7G10,144.0,GTX 1660 Ti,16.0,512.0,0.0,16.0,fhd,205000,0.8492327504733456
msi,msi GP66 Leopard 10UE,I7G10,144.0,RTX 3060,16.0,1024.0,0.0,16.0,fhd,259000,1.66169545313915
msi,msi GP67 Leopard 10UE,I7G10,144.0,RTX 3060,16.0,1024.0,0.0,16.0,fhd,259000,1.66169545313915
msi,msi GL75 Leopard 10SDR,I7G10,144.0,GTX 1660 Ti,16.0,512.0,0.0,16.0,fhd,189000,0.6085030607945887
msi,msi GL75 Leopard 10SFK,I7G10,144.0,RTX 2070,8.0,512.0,1024.0,16.0,fhd,250000,1.5262850026948491
msi,msi GF63 Thin 10SCXR,I7G10,144.0,GTX 1650,8.0,512.0,0.0,16.0,fhd,137000,-0.17386843066137106
msi,msi GF65 Thin 10SDR,I5G10,120.0,GTX 1660 Ti,8.0,1024.0,0.0,16.0,fhd,145000,-0.05350358582199265
msi,msi GF65 10SDR,I7G10,144.0,GTX 1660 Ti,8.0,1024.0,0.0,16.0,fhd,175000,0.39786458232567645
msi,msi GF65 10UE,I5G10,144.0,RTX 3060,16.0,512.0,0.0,16.0,fhd,198000,0.7439135112388894
msi,msi GF65 10UE,I7G10,144.0,RTX 3060,16.0,512.0,0.0,16.0,fhd,220000,1.07491683454718
msi,msi Bravo 15  A4DDR,I7,144.0,Radeon RX,8.0,1024.0,0.0,16.0,fhd,155000,0.09695247022723039
msi,msi Creator 15 A10SF,I7G10,144.0,RTX 2070,32.0,512.0,0.0,16.0,4k,360000,3.1813016192363026
msi,msi Creator 15 A10SFS,I7G10,144.0,RTX 2070,32.0,512.0,0.0,16.0,4k,418000,4.053946744321796
msi,msi Prestige 14 Evo,I5G11,144.0,Iris Xe,16.0,512.0,0.0,16.0,fhd,173000,0.3677733711158318
msi,msi Prestige 14 Evo,I7G11,144.0,Iris Xe,16.0,512.0,0.0,16.0,fhd,193000,0.6686854832142779
msi,msi Prestige 15 A11SC,I7G11,144.0,GTX 1650 Ti,16.0,512.0,0.0,16.0,fhd,241000,1.3908745522505483
msi,msi Modern 15 A10M,I5G10,144.0,Intel ,8.0,512.0,0.0,16.0,uhd,110000,-0.5800997819942733
msi,msi Modern 14 B11SB,I5G11,144.0,MX450,8.0,512.0,0.0,14.0,fhd,135000,-0.20395964187121568
msi,msi Modern 14 B11SB,I7G11,144.0,MX450,8.0,512.0,0.0,14.0,fhd,147000,-0.023412374612148044
msi,msi Modern 15 A11SB,I5G11,144.0,MX450,8.0,512.0,0.0,16.0,fhd,137000,-0.17386843066137106
msi,msi Modern 15 A11SB,I7G11,144.0,MX450,8.0,512.0,0.0,16.0,fhd,148000,-0.00836676900722574
msi,msi Summit B15 A11M,I5G11,144.0,Iris Xe,8.0,512.0,0.0,16.0,fhd,138000,-0.15882282505644876
msi,msi Summit B15 A11M,I7G11,144.0,Iris Xe,8.0,512.0,0.0,16.0,fhd,168000,0.2925453430912203
msi,msi Summit E15 A11SCS,I7G11,144.0,GTX 1650 Ti,16.0,1024.0,0.0,16.0,fhd,249000,1.511239397089927
msi,msi Summit E15 A11SCS,I7G11,144.0,GTX 1650 Ti,16.0,1024.0,0.0,16.0,4k,259000,1.66169545313915
microsoft,Microsoft Surface Pro 7,I3,144.0,Intel,4.0,128.0,0.0,12.0,fhd,117000,-0.4747805427598171
microsoft,Microsoft Surface Pro 7,I5,144.0,Intel,8.0,128.0,0.0,12.0,fhd,142000,-0.09864040263675956
microsoft,Microsoft Surface Pro 7,I5,144.0,Intel,8.0,256.0,0.0,12.0,fhd,188000,0.5934574551896664
microsoft,Microsoft Surface Pro 7,I7,144.0,Intel,16.0,256.0,0.0,12.0,fhd,228000,1.1952816793865584
microsoft,Microsoft Surface Laptop 3,I5,144.0,Intel,8.0,128.0,0.0,14.0,fhd,159000,0.1571348926469196
microsoft,Microsoft Surface Laptop 3,ryzen3,144.0,Radeon Vega 9,8.0,128.0,0.0,15.0,fhd,187000,0.5784118495847441
razer,Razer Blade Stealth,I7G11,120.0,GTX 1650 Ti,16.0,512.0,0.0,16.0,fhd,289000,2.113063621286819
razer,Razer Blade 15,I7G10,144.0,RTX 2060,16.0,512.0,0.0,16.0,fhd,279000,1.9626075652375958
razer,Razer Blade 15,I7G10,144.0,RTX 2070,16.0,512.0,0.0,16.0,fhd,310000,2.429021338990187
ripple,Pandora,I7G11,144.0,Iris Xe,8.0,256.0,0.0,16.0,fhd,75000,-1.1066959781665537
ripple,Artifact,I5G10,144.0,GTX 1650 Ti,8.0,256.0,0.0,16.0,fhd,120000,-0.42964372594505024
ripple,Artifact Pro,I7,144.0,RTX 2060,8.0,256.0,0.0,16.0,fhd,175000,0.39786458232567645
ripple,Artifact Pro,I7,144.0,RTX 3060,16.0,256.0,0.0,16.0,fhd,200000,0.774004722448734
ripple,Raze,I5G11,144.0,RTX 3050,8.0,256.0,0.0,16.0,fhd,150000,0.021724442202618866
ripple,Raze Pro,I7G11,144.0,RTX 3050,8.0,256.0,0.0,16.0,fhd,200000,0.774004722448734
ripple,Genos,ryzen3,144.0,RTX 2060,8.0,256.0,0.0,16.0,fhd,185000,0.5483206383748994
ripple,Genos Pro,ryzen3,144.0,RTX 2070,8.0,256.0,0.0,16.0,fhd,225000,1.1501448625717916
hp,15CS3079 Pavilion ,I5,144.0,Intel,8.0,256.0,0.0,16.0,fhd,86000,-0.9411943165124085
asus ,TUF FX 506LI GAMING LAPTOP,I5,144.0,GTX 1650 TI 4 ,8.0,256.0,0.0,16.0,fhd,115000,-0.5048717539696618
hp ,PAVILION POWER 15 GAMING,I5G10,144.0,GTX1650 4 ,8.0,256.0,0.0,16.0,fhd,112000,-0.5500085707844287
hp ,24-DF0309 ,I3G10,144.0,Intel,12.0,256.0,0.0,24.0,fhd,88000,-0.9111031053025639
hp ,15-GW0010 ,ryzen3,144.0,Intel,4.0,128.0,1024.0,16.0,fhd,63500,-1.2797204426231603
lenovo , V14 ,ryzen5,144.0,AMD Radeon,8.0,0.0,1024.0,14.0,fhd,78500,-1.0540363585493258
hp ,Hp-14,I5G10,144.0,Intel,8.0,256.0,0.0,14.0,fhd,84000,-0.9712855277222531
hp ,Hp-14,ryzen,144.0,Radeon Vega 3,4.0,0.0,1024.0,14.0,fhd,56000,-1.3925624846600777
hp ,Pavilion 14-CE3065 ,I5G10,144.0,Intel,8.0,256.0,0.0,14.0,fhd,85000,-0.9562399221173308
lenovo ,Legion 5 15IMH05H ,I7G10,60.0,NVIDIA GTX 1660 Ti,8.0,512.0,0.0,14.0,hd,155000,0.09695247022723039
dell,Inspiron 5391 ,I7G10,60.0,Nvidia MX 250,8.0,512.0,0.0,13.0,hd,116000,-0.4898261483647394
lenovo ,Yoga 7 15ITL5,I5G11,144.0,Intel,8.0,256.0,0.0,16.0,touch,107000,-0.6252365988090401
hp ,Hp-15-DY1076 ,I5G10,60.0,Intel,8.0,256.0,0.0,16.0,hd,80000,-1.0314679501419424
hp ,Hp-255,ryzen5,144.0,Intel,8.0,0.0,1024.0,16.0,fhd,74000,-1.1217415837714761
hp, 15-da2180nia ,I5G10,60.0,Intel,4.0,0.0,1024.0,16.0,hd,76000,-1.0916503725616316
hp ,Hp- 14,I5G10,144.0,Intel,8.0,256.0,0.0,14.0,fhd,84000,-0.9712855277222531
hp ,Hp-15  ,I5G11,60.0,Intel,8.0,256.0,0.0,16.0,hd,86000,-0.9411943165124085
hp ,Hp-14 ,I3G10,60.0,Intel,8.0,256.0,0.0,14.0,hd,65000,-1.257152034215777
dell, Vostro 3591 ,I7G10,144.0,Nvidia MX230 2,8.0,512.0,0.0,16.0,fhd,115000,-0.5048717539696618
dell, Vostro 3401,I3G10,60.0,Integrated Graphics,4.0,0.0,1024.0,14.0,hd,57500,-1.369994076252694
lenovo ,Ideapad Slim 3i,I3G10,144.0,Intel,8.0,256.0,0.0,16.0,fhd,63000,-1.2872432454256215
lenovo ,ThinkBook 14-IIL 20SL0016US,I5G10,60.0,AMD Radeon TM 630 Graphic,8.0,0.0,1024.0,14.0,hd,95000,-0.8057838660681078
lenovo ,IdeaPad S540,I5G10,144.0,Intel,8.0,256.0,0.0,13.0,qhd,95000,-0.8057838660681078
lenovo, IdeaPad 130,I3G8,144.0,Intel,4.0,0.0,1024.0,16.0,fhd,56000,-1.3925624846600777
apple ,MacBook Air ,I3,144.0,Intel,8.0,256.0,0.0,13.0,retina,138000,-0.15882282505644876
apple, MacBook Air ,I5,144.0,Intel,8.0,512.0,0.0,13.0,retina,195000,0.6987766944241225
apple, MacBook Air,m1,144.0,Intel,8.0,512.0,0.0,13.0,fhd,205000,0.8492327504733456
dell,Inspiron 7490-7842SLV,I7G10,144.0,Intel,8.0,512.0,0.0,14.0,fhd,115000,-0.5048717539696618
acer ,Aspire 5,I5G10,60.0,Intel,8.0,512.0,0.0,16.0,hd,85000,-0.9562399221173308
acer,Swift 3,ryzen5,144.0,Intel,8.0,256.0,0.0,14.0,fhd,88000,-0.9111031053025639
acer,Swift 3 ,ryzen5,144.0,Intel,8.0,512.0,0.0,14.0,fhd,96000,-0.7907382604631855
acer ,Nitro 5 ,ryzen5,144.0,NVIDIA GeForce GTX 1650 ,8.0,256.0,0.0,16.0,fhd,108000,-0.6101909932041178
acer ,Nitro 5,I5G10,144.0,GTX 1650 Graphics,8.0,256.0,0.0,16.0,fhd,112000,-0.5500085707844287
hp ,Envy 13 ,I5G11,144.0,Intel,8.0,256.0,0.0,13.0,fhd,116000,-0.4898261483647394
lenovo ,Yoga7 ,I7G11,144.0,Intel,12.0,512.0,0.0,14.0,fhd_touch,132000,-0.2490964586859826
lenovo ,Flex 5 ,I7,144.0,Intel,8.0,512.0,0.0,14.0,fhd_touch,115000,-0.5048717539696618
lenovo ,Flex 5 ,ryzen3,144.0,Intel,8.0,256.0,0.0,14.0,fhd_touch,74000,-1.1217415837714761
lenovo ,Legion 5 15IMH05H ,I7G10,60.0,NVIDIA GTX 1650 Ti,8.0,512.0,0.0,16.0,hd,145000,-0.05350358582199265
lenovo , Ideapad Slim 3i,I3G10,60.0,Intel,8.0,256.0,0.0,16.0,hd,64000,-1.272197639820699
lenovo ,Yoga C740,I7G10,144.0,Intel,16.0,256.0,0.0,16.0,fhd_touch,165000,0.2474085262764534
lenovo ,IdeaPad Flex 5,I5G10,144.0,Intel,16.0,512.0,0.0,14.0,fhd_touch,100000,-0.7305558380434963
lenovo ,IdeaPad 3 ,I5G10,144.0,Intel,8.0,512.0,0.0,14.0,fhd,82000,-1.0013767389320978
lenovo ,Legion 5 15IMH05H ,I7G10,60.0,NVIDIA RTX 2060,16.0,512.0,0.0,16.0,hd,180000,0.47309261035028793
lenovo , Yoga 7i ,I7G11,144.0,Intel,12.0,512.0,0.0,14.0,fhd_touch,132000,-0.2490964586859826
lenovo ,Flex 5 14IIL05 ,I5G10,144.0,Intel,8.0,512.0,0.0,14.0,fhd,92000,-0.8509206828828747
lenovo ,V14 ,ryzen5,144.0,AMD Radeon,8.0,0.0,1024.0,14.0,fhd,78500,-1.0540363585493258
lenovo, V14 ,celeron,60.0,Intel hd graphic,4.0,0.0,1024.0,14.0,hd,45000,-1.5580641463142229
dell,XPS 13 7390 ,I7G10,144.0,Intel uhd Graphics,16.0,512.0,0.0,13.0,fhd_touch,190000,0.623548666399511
dell,Inspiron 7405,ryzen5,60.0,Intel,8.0,256.0,0.0,14.0,hd,109500,-0.5876225847967343
dell,Inspiron 7306,I7G11,144.0,Iris Xe Graphics ,16.0,512.0,0.0,13.0,uhd,166000,0.26245413188137573
dell,G5 5500  ,I7G10,144.0,NVIDIA GTX 1650Ti 4,8.0,256.0,0.0,16.0,fhd,150000,0.021724442202618866
asus ,Zenbook 14 ,ryzen,144.0,NVIDIA GEFORCE MX350,8.0,256.0,0.0,14.0,fhd,95000,-0.8057838660681078
asus ,VivoBook 15 F515,I3G10,144.0,Intel,4.0,128.0,0.0,16.0,fhd,60000,-1.3323800622403883
asus ,E410MA ,celeron,60.0,Intel,4.0,256.0,0.0,14.0,hd,48000,-1.512927329499456
asus ,TUF TUF506IU-ES74 ,I7,144.0,GeForce GTX 1660 Ti  6,16.0,512.0,0.0,16.0,hd,155000,0.09695247022723039
asus, Vivobook Flip 14,pentium,60.0,Intel,4.0,128.0,0.0,14.0,hd,57500,-1.369994076252694
asus ,VivoBook Flip 14 ,ryzen5,144.0,Intel,8.0,512.0,0.0,14.0,fhd_touch,108000,-0.6101909932041178
asus ,Vivobook Flip TP412FA-DS51T-CA ,I5G10,144.0,Intel,8.0,512.0,0.0,14.0,fhd,112000,-0.5500085707844287
asus ,VivoBook 512JA ,I5G10,144.0,Intel,8.0,256.0,0.0,16.0,fhd_touch,86000,-0.9411943165124085
asus , ROG Zephyrus G14,ryzen9,144.0,NVIDIA GeForce RTX 2060,16.0,1.0,0.0,16.0,fhd,200000,0.774004722448734
asus ,TUF FX 506LI ,I5,144.0,GTX 1650 TI 4 GRAPHIC,8.0,256.0,0.0,16.0,fhd,115000,-0.5048717539696618
hp , Hp-14,ryzen3,60.0,Radeon Vega 3 ,4.0,0.0,1024.0,14.0,hd,59000,-1.3474256678453107
hp ,15-DY1045 ,I5G10,144.0,Intel,8.0,256.0,0.0,16.0,fhd,85000,-0.9562399221173308
hp ,Envy x360 ,I7G11,144.0,Intel,8.0,512.0,0.0,13.0,fhd_touch,138000,-0.15882282505644876
hp, OMEN 15 ,I7G10,144.0,NVIDIA GTX 1660 Ti,8.0,256.0,1024.0,16.0,fhd,160000,0.1721804982518419
hp ,15CS3079NR Pavilion ,I5,144.0,Intel,8.0,256.0,0.0,16.0,fhd,89000,-0.8960574996976416
hp ,Hp-14,I3G11,144.0,Intel,8.0,256.0,0.0,14.0,fhd_touch,75000,-1.1066959781665537
hp ,Pavilion x360,I5G10,144.0,Intel,8.0,256.0,0.0,14.0,fhd,95000,-0.8057838660681078
hp, Pavilion x360 14M,I3G10,144.0,Intel,8.0,128.0,0.0,14.0,touch,74000,-1.1217415837714761
hp ,15-DY2056 ,I5G11,60.0,Intel,12.0,256.0,0.0,16.0,hd,94500,-0.8133066688705689
hp ,Hp-14,ryzen3,60.0,Intel,4.0,0.0,1024.0,14.0,hd,56000,-1.3925624846600777
hp ,Pavilion 14 DV0010,I5G11,144.0,Intel,8.0,256.0,0.0,14.0,fhd,92000,-0.8509206828828747
hp ,Hp-14 (2021),I3G11,60.0,Intel,8.0,256.0,0.0,14.0,hd,75000,-1.1066959781665537
hp ,Hp-14,I5G10,60.0,Intel,8.0,256.0,0.0,14.0,hd,84000,-0.9712855277222531
hp ,Hp-15-GW0010 ,ryzen3,144.0,Intel,4.0,128.0,1024.0,16.0,fhd,63500,-1.2797204426231603
hp ,24-DF0309 ,I3G10,144.0,Intel,12.0,256.0,0.0,24.0,fhd,88000,-0.9111031053025639
hp ,PAVILION POWER 15 GAMING,I5G10,144.0,GTX1650 4 ,8.0,256.0,0.0,16.0,fhd,112000,-0.5500085707844287
hp ,15CS3079 Pavilion,I5,144.0,Intel,8.0,256.0,0.0,16.0,fhd,86000,-0.9411943165124085
asus,TUF Dash FX516PM,I7,144.0,Intel,16.0,512.0,0.0,16.0,fhd,209990,0.9243103224419078
acer,A515,I5,144.0,Intel,8.0,0.0,1024.0,16.0,fhd,86990,-0.9262991669635354
acer,A515,ryzen3,144.0,Intel,4.0,128.0,0.0,16.0,fhd,59990,-1.3325305182964375
acer,Predator,I7,144.0,Intel,16.0,512.0,0.0,16.0,fhd,182990,0.5180789711090056
acer,SF314-57G,I5,144.0,Intel,8.0,256.0,0.0,14.0,fhd,95990,-0.7908887165192348
acer,SF314-57G,I7,144.0,Intel,8.0,512.0,0.0,14.0,fhd,115990,-0.48997660442078866
acer,SF714-52T,I7,144.0,Intel,16.0,512.0,0.0,14.0,fhd,142990,-0.08374525308788648
apple,MacBook Air,I3,144.0,Intel,8.0,256.0,0.0,13.0,qhd,139990,-0.12888206990265338
apple,MacBook Air,I7G10,144.0,Intel,8.0,512.0,0.0,13.0,qhd,189990,0.6233982103434618
apple,MacBook Pro,I5,144.0,Intel,8.0,256.0,0.0,13.0,qhd,189990,0.6233982103434618
asus,FA506 ,I7,144.0,Intel,8.0,512.0,0.0,16.0,fhd,157990,0.14193883098594806
asus,ROG ZEPHYRUS GA401QM,ryzen9,144.0,Intel,16.0,1024.0,0.0,14.0,fhd,274990,1.9022746867618574
asus,Strix G512LI,I7,144.0,Intel,8.0,512.0,0.0,16.0,fhd,144990,-0.053654041878041875
asus,TP412UA,I7,144.0,Intel,8.0,256.0,0.0,14.0,fhd,106990,-0.6253870548650894
asus,VivoBook Flip 14 TP412FA,I3,144.0,Intel,4.0,128.0,0.0,14.0,fhd,67990,-1.2121656734570592
asus,VivoBook R564JA,I5,144.0,Intel,8.0,256.0,0.0,16.0,fhd,84990,-0.95639037817338
asus,ZenBook,ryzen5,144.0,Intel,8.0,256.0,0.0,14.0,fhd,99990,-0.7307062940995455
dell,3501,I5,144.0,Intel,8.0,256.0,0.0,16.0,fhd,94990,-0.805934322124157
dell,3501,I5,144.0,Intel,8.0,256.0,0.0,16.0,fhd,82990,-0.9864815893832246
dell,5505,I7,144.0,Intel,8.0,256.0,0.0,16.0,fhd,109990,-0.5802502380503225
dell,G5-15,I7,144.0,Intel,8.0,256.0,0.0,16.0,fhd,135990,-0.1890644923223426
dell,In 5400,I3,60.0,Intel uhd,4.0,128.0,0.0,14.0,hd,74990,-1.106846434222603
dell,In 5402,I5,144.0,Intel,8.0,512.0,0.0,14.0,fhd,108990,-0.5952958436552448
dell,In 5406,I5,60.0,Intel,8.0,256.0,0.0,14.0,hd,112990,-0.5351134212355556
dell,In 5406,I7,144.0,Intel,8.0,512.0,0.0,14.0,fhd,123990,-0.36961175958141024
dell,In 5502,I7,144.0,Intel,8.0,256.0,0.0,16.0,fhd,119990,-0.4297941820010994
dell,In 7490,I7,144.0,Intel,8.0,512.0,0.0,14.0,fhd,114990,-0.5050222100257109
dell,In 7506,I5,144.0,Intel,12.0,512.0,0.0,16.0,fhd,119990,-0.4297941820010994
dell,Vostro 3400,I5,144.0,Intel,4.0,0.0,1024.0,14.0,fhd,78990,-1.0466640118029138
dell,Vostro 3400,I5,144.0,Intel,8.0,256.0,0.0,14.0,fhd,82990,-0.9864815893832246
dell,Vostro 3400,I7,144.0,Intel,8.0,512.0,0.0,14.0,fhd,115990,-0.48997660442078866
dell,Vostro 3401,I3,60.0,Intel,4.0,128.0,1024.0,14.0,hd,62990,-1.2873937014816708
dell,Vostro 3401,I3,60.0,Intel,4.0,0.0,1024.0,14.0,hd,58990,-1.34757612390136
dell,Vostro 3500,I5,144.0,Intel,4.0,0.0,1024.0,16.0,fhd,78990,-1.0466640118029138
dell,Vostro 3500,I7,144.0,Intel,8.0,512.0,0.0,16.0,fhd,115990,-0.48997660442078866
dell,Vostro 3501,I3,60.0,Intel,4.0,0.0,1024.0,16.0,hd,58990,-1.34757612390136
hp,14-cf2224nia,I5,60.0,Intel,4.0,0.0,1024.0,14.0,hd,82990,-0.9864815893832246
hp,14-cf2224nia,I5,60.0,Intel,8.0,128.0,1024.0,14.0,hd,89990,-0.8811623501487685
hp,14-dq1043,I3,144.0,Intel,8.0,256.0,0.0,14.0,fhd,64990,-1.2573024902718262
hp,14-dq1059wm,I5,60.0,Intel,8.0,256.0,0.0,14.0,hd,78990,-1.0466640118029138
hp,15-DW3048NE,I3,60.0,Intel,8.0,256.0,0.0,16.0,hd,64990,-1.2573024902718262
hp,15-dy1071wm,I7,60.0,Intel,8.0,256.0,0.0,16.0,hd,99990,-0.7307062940995455
hp,15-dy2021nr,I5,144.0,Intel,8.0,256.0,0.0,16.0,fhd,84990,-0.95639037817338
hp,ENVY 13-ba1000,I5,144.0,Intel,8.0,256.0,0.0,13.0,fhd,114990,-0.5050222100257109
hp,ENVY-13m-bd0023dx,I7,144.0,Intel,8.0,512.0,0.0,13.0,fhd_touch,137990,-0.158973281112498
hp,OMEN-15,I7,144.0,Intel,16.0,512.0,0.0,16.0,fhd,181990,0.5030333655040833
hp,Pav 15-eh0050wm,ryzen5,144.0,Intel,8.0,512.0,0.0,16.0,fhd,91990,-0.8510711389389239
hp,Pav Gaming 15-ec1073dx,ryzen5,144.0,Intel,8.0,256.0,0.0,16.0,fhd,102990,-0.6855694772847786
hp,Pav Gaming-15-ec0013dx,ryzen5,144.0,Intel,8.0,256.0,0.0,16.0,fhd,89990,-0.8811623501487685
hp,14-dk1025wm,ryzen3,60.0,Intel,4.0,0.0,1024.0,14.0,hd,58990,-1.34757612390136
hp,15-dw3047nr,I7,144.0,Intel,8.0,256.0,0.0,16.0,fhd,106990,-0.6253870548650894
hp,OMEN-15-dh1019nr,I7,144.0,Intel,32.0,512.0,0.0,16.0,fhd,259990,1.6765906026880228
lenovo,LEGION 5,I7,144.0,Intel,8.0,512.0,0.0,16.0,fhd,156990,0.12689322538102576
lenovo,LEGION 5,ryzen5,144.0,Intel,8.0,256.0,1024.0,16.0,fhd,124990,-0.35456615397648794
lenovo,15IIL05,I7,144.0,Intel,12.0,512.0,0.0,16.0,fhd,94990,-0.805934322124157
lenovo,E41-45,I7G10,60.0,Intel,4.0,0.0,1024.0,14.0,hd,41990,-1.603351419185039
lenovo,Flex14IML,I7,144.0,Intel,16.0,512.0,0.0,14.0,fhd,124990,-0.35456615397648794
lenovo,IdeaPad 3,I5,144.0,Intel,8.0,512.0,0.0,14.0,fhd,79990,-1.0316184061979916
lenovo,IdeaPad 3,I7,60.0,Intel,8.0,0.0,1024.0,14.0,hd,99990,-0.7307062940995455
lenovo,S540,I7,144.0,Intel,16.0,512.0,0.0,13.0,qhd,129990,-0.2793381259518764
lenovo,S540,I7,144.0,Intel,8.0,256.0,0.0,13.0,qhd,119990,-0.4297941820010994
lenovo,slim 7 14IIL05,I7,144.0,Intel,16.0,512.0,0.0,14.0,fhd,134990,-0.2041100979272649
lenovo,V130 Cel,celeron,60.0,Intel,4.0,0.0,1024.0,16.0,hd,46990,-1.5281233911604275
lenovo,V130 Cel,celeron,60.0,Intel,4.0,512.0,0.0,16.0,hd,44990,-1.558214602370272
lenovo,Yoga 7,I7,144.0,Intel,12.0,512.0,0.0,14.0,fhd,134990,-0.2041100979272649
msi,GL65-9SDK,I7,120.0,Intel,16.0,512.0,0.0,16.0,fhd,164990,0.2472580702204042
msi,GS66 Stealth,I7,120.0,Intel,16.0,512.0,0.0,16.0,fhd,181990,0.5030333655040833
acer,NITRO AN515,I5,144.0,Intel,8.0,256.0,0.0,16.0,fhd,117990,-0.45988539321094407
acer,NITRO AN515,ryzen5,144.0,Intel,8.0,256.0,0.0,16.0,fhd,107990,-0.6103414492601671
acer,NITRO AN515,I7,144.0,Intel,8.0,0.0,1024.0,16.0,fhd,134990,-0.2041100979272649
acer,ASPIRE 7 ,I7G8,60.0,GTX 1050Ti 4,16.0,256.0,1024.0,16.0,hd,126800,-0.32733360783157855
acer,Nitro 5 ,I5G10,60.0,GTX 1050 4,8.0,256.0,0.0,16.0,hd,116800,-0.4777896638808016
acer,Nitro 5 ,I7G9,144.0,RTX 2060,16.0,256.0,0.0,16.0,fhd,160800,0.18421698273577974
acer,Nitro 5 ,I5G9,60.0,GTX 1650 4,8.0,512.0,0.0,16.0,hd,108800,-0.5981545087201801
acer, Predator Helios 300 ,I7G10,144.0,RTX 2060 6,16.0,512.0,0.0,16.0,fhd,180800,0.4851290948342258
acer, Predator Helios 300 2019 ,I7G9,144.0,GTX 1660Ti 6,16.0,256.0,0.0,16.0,fhd,150800,0.03376092668655671
acer, Predator Triton 300 Gaming Laptop,I7G10,144.0,NVIDIA RTX 2070,16.0,512.0,0.0,16.0,fhd,214800,0.9966796854015841
acer, Predator Triton 500 ,I7G9,144.0,RTX 2060 6,16.0,512.0,0.0,16.0,fhd,196800,0.7258587845129827
acer, Swift 7 ,I7,144.0,Intel,8.0,51.0,0.0,13.0,fhd,120800,-0.4176072414611124
alienware, AREA-51M ,I7G9,144.0,RTX 2070 8,32.0,256.0,1024.0,17.0,fhd,432800,4.2766217072746455
apple, Macbook Air  2019 ,I5,144.0,Intel,8.0,128.0,0.0,13.0,retina,146800,-0.026421495733132502
apple, Macbook Air  2019,I5,144.0,Intel,8.0,256.0,0.0,13.0,retina,174800,0.39485546120469195
apple, MacBook Air M1 chip with 8-core CPU,I7G10,144.0,Intel,8.0,0.0,512.0,13.0,retina,194800,0.695767573303138
apple, MacBook Air M1 Chip with 8-core CPU,I7G10,144.0,Intel,8.0,256.0,0.0,13.0,retina,146800,-0.026421495733132502
apple, MacBook Pro 16,I7,144.0,AMD Radeon Pro 5300M 4,16.0,0.0,512.0,13.0,fhd,320800,2.5915138795233483
apple, MacBook Pro 16,I9,144.0,AMD Radeon Pro 5500M 4,16.0,1024.0,0.0,13.0,fhd,384800,3.5544326382383757
asus, ROG ,I7G10,144.0,GTX 1650 4,8.0,512.0,0.0,16.0,fhd,130800,-0.26715118541188937
asus, ROG Strix G15 Gaming Laptop,I7G10,240.0,RTX 2060 6,16.0,512.0,0.0,16.0,ips,196800,0.7258587845129827
asus, ROG Strix G15 ,I7G10,144.0,GTX 1650Ti 4,8.0,512.0,0.0,16.0,fhd,148800,0.003669715476712102
asus, ROG Strix SCAR ,I7G8,144.0,GTX 1070 8,16.0,512.0,0.0,16.0,fhd,172800,0.36476424999484736
asus, ROG Strix Scar II ,I7G8,144.0,RTX 2070 8,16.0,512.0,0.0,16.0,fhd,236800,1.3276830087098748
asus, ROG Zephyrus G ,ryzen3,120.0,GTX 1660Ti 6,16.0,512.0,0.0,16.0,fhd,156800,0.12403456031609053
asus, ROG Zephyrus G14 ,ryzen9,120.0,RTX 2060 6,16.0,1024.0,0.0,14.0,fhd,196800,0.7258587845129827
asus, ROG Zephyrus ,I7,144.0,GTX 1650 4,8.0,512.0,0.0,16.0,fhd,168800,0.30458182757515817
asus, ROG Zephyrus G15,I7,144.0,GTX 1660Ti 6G,16.0,1024.0,0.0,16.0,fhd,179800,0.4700834892293035
asus, ROG Zephyrus M15 ,I7G10,240.0,RTX 2070 Max-Q 8 ,16.0,1024.0,0.0,16.0,fhd,228800,1.2073181638704964
asus, ROG Zephyrus S Ultra Slim,I7G8,144.0,GTX 1070 8,16.0,512.0,0.0,16.0,fhd,205000,0.8492327504733456
asus, TUF Dash F15 ,I7G11,144.0,RTX 3060 6,16.0,512.0,0.0,16.0,fhd,196800,0.7258587845129827
asus, TUF Gaming A15 Gaming Laptop,ryzen5,192.0,GTX 1650ti 4,8.0,512.0,0.0,16.0,ips,130800,-0.26715118541188937
asus, TUF Gaming A15,I7,144.0,GTX 1660 Ti 6,16.0,512.0,1024.0,16.0,fhd,164800,0.24439940515546896
asus, TUF i5 ,I5G10,144.0,GTX 1650 Ti,8.0,256.0,0.0,16.0,fhd,110800,-0.5680632975103354
asus, VivoBook 15 ,I7G10,144.0,RX Vega 10 Graphics,8.0,512.0,0.0,16.0,fhd,102800,-0.6884281423497138
asus, ZenBook 15 ,I7G8,144.0,GTX 1050 Max-Q 2,16.0,512.0,0.0,16.0,fhd,140800,-0.11669512936266632
asus, ZENBOOK FLIP,I7G8,144.0,Intel,16.0,512.0,0.0,14.0,fhd,134800,-0.20696876299220013
bigbyte, Dominant BBDMT30 ,I7G10,144.0,RTX 3060 6,16.0,1024.0,0.0,16.0,ips,199800,0.7709956013277496
bigbyte, Dominant powerful lightweight Laptop,I7G10,144.0,RTX 3060 6,32.0,1024.0,0.0,16.0,fhd,210800,0.9364972629818948
bigbyte, RT20601T ,I7G10,144.0,RTX 2060 6,16.0,1024.0,0.0,16.0,fhd,168800,0.30458182757515817
bigbyte, Workstation Laptop ,I7G10,144.0,16 MB Cache RTX 3060 6,64.0,1024.0,0.0,16.0,fhd,238800,1.3577742199197194
bigbyte, Workstation Laptop ,I7G10,144.0,RTX 3060 6,64.0,2048.0,0.0,16.0,fhd,258800,1.6586863320181655
dell, alienware 15 R4 ,I7G8,60.0,GTX 1060 6 GDDR5,16.0,256.0,1024.0,16.0,fhd,160800,0.18421698273577974
dell, alienware 17 R5,I9,120.0,GTX 1070 8 DDR5 OC,16.0,256.0,1024.0,17.0,hd,270800,1.839233599277233
dell, alienware 17R5,I7G8,60.0,GTX 1070 8,16.0,256.0,1024.0,17.0,fhd,225800,1.1621813470557294
dell, alienware M17 ,I7G9,144.0,RTX 2070 8,16.0,512.0,1024.0,17.0,4k,318800,2.5614226683135035
dell, G3 15 3590,I5G9,60.0,GTX 1660 Ti 6,8.0,512.0,0.0,16.0,fhd,120800,-0.4176072414611124
dell, G5 15 SE Gaming Laptop ,I7,144.0,AMD RX 5600M 6,16.0,512.0,0.0,16.0,fhd,158800,0.15412577152593512
dell, G5 15 SE Gaming Laptop ,I7,144.0,AMD RX 5600M 6,8.0,512.0,0.0,16.0,fhd,152800,0.06385213789640132
dell, G7 15 7590 ,I7G8,60.0,RTX 2060 6 ,16.0,128.0,1024.0,16.0,fhd,180800,0.4851290948342258
dell, G7 17 7700 Gaming Laptop ,I7G10,144.0,RTX 2070 SUPER 8,32.0,1024.0,0.0,17.0,fhd,280800,1.989689655326456
dell, Inspiron 15 5575 ,I7,144.0,AMD RX Vega 10,16.0,512.0,0.0,16.0,fhd,114800,-0.5078808750906462
dell, inspiron 3593 ,I5G10,144.0,Intel,12.0,512.0,0.0,16.0,touch,88800,-0.8990666208186261
dell, inspiron 7370 ,I5G8,144.0,Intel,8.0,256.0,0.0,13.0,fhd,94800,-0.8087929871890922
dell, Inspiron 7380,I7G10,144.0,Intel,8.0,8.0,256.0,13.0,fhd,114800,-0.5078808750906462
dell, Inspiron 7490- ,I7G10,192.0,Intel Uhd Graphics,8.0,512.0,0.0,14.0,ips,128800,-0.29724239662173396
dell, Inspiron 7586 ,I5G8,144.0,Intel,8.0,256.0,0.0,16.0,touch,96800,-0.7787017759792476
dell, Precision 5540 ,I7G8,144.0,T1000 4 Qudro,32.0,512.0,0.0,16.0,4k_touch,238800,1.3577742199197194
dell, Precision 7550 Workstation ,I5G10,144.0,NVIDIA Quadro RTX 4000 w/8 GDDR6,64.0,1024.0,0.0,16.0,fhd,298800,2.2605105562150576
dell, XPS 13 7390 ,I5G10,144.0,Intel,8.0,256.0,0.0,13.0,fhd,144800,-0.05651270694297711
dell, XPS 13 7390,I7G10,144.0,Intel,8.0,16.0,512.0,13.0,fhd,210800,0.9364972629818948
dell, XPS 13 9300 ,I7G10,144.0,Intel,16.0,512.0,0.0,13.0,4k_touch,210800,0.9364972629818948
dell, XPS 13 9360 ,I7G8,144.0,Intel,16.0,512.0,0.0,13.0,touch,174800,0.39485546120469195
dell, XPS 13 9365,I5G8,144.0,Intel,8.0,256.0,0.0,13.0,touch,134800,-0.20696876299220013
dell, XPS 13 9365,I7G8,144.0,Intel,8.0,512.0,0.0,13.0,touch,158800,0.15412577152593512
dell, XPS 13 9380 ,I7G8,144.0,Intel,16.0,512.0,0.0,13.0,fhd,170800,0.33467303878500276
dell, XPS 13 9380,I5G8,144.0,Intel,8.0,256.0,0.0,13.0,fhd,134800,-0.20696876299220013
dell, XPS 15 7590 ,I7G9,144.0,GTX 1650,16.0,512.0,0.0,16.0,fhd,210800,0.9364972629818948
dell, XPS 15 7590 ,I7G9,144.0,GTX 1650 4,16.0,512.0,0.0,16.0,fhd,230800,1.237409375080341
dell, XPS 15 9500 ,I5G10,144.0, Intel hd Graphics ,8.0,512.0,0.0,15.0,fhd,174800,0.39485546120469195
dell, XPS 15 9500 ,I7G10,144.0, GTX 1650 Ti 4 GDDR6,16.0,512.0,0.0,16.0,fhd,234800,1.2975917975000302
dell, XPS 15 9500 ,I7G10,144.0, GTX 1650 Ti 4 ,16.0,512.0,0.0,16.0,fhd,258800,1.6586863320181655
dell, XPS 15 9500 ,I7G10,144.0, GTX 1650 Ti 4 ,16.0,512.0,0.0,16.0,fhd,268800,1.8091423880673885
dell, XPS 15 9500 ,I7G10,144.0, GTX 1650 Ti 4 GDDR6,32.0,512.0,0.0,16.0,fhd,295800,2.215373739400291
dell, XPS 15 9575,I7G8,144.0, RX Vega M 4,16.0,1024.0,0.0,16.0,4k_touch,290800,2.140145711375679
dell, XPS 9570 ,I7G8,144.0, GTX 1050Ti 4,16.0,512.0,0.0,16.0,fhd,196800,0.7258587845129827
dell, XPS 9575 ,I5G8,144.0,RX VegaM 4,8.0,256.0,0.0,16.0,touch,154800,0.09394334910624592
dreammachines, RX2070-17NA32 Laptop,I9,144.0, RTX 2070 8,32.0,1024.0,0.0,17.0,fhd,378800,3.4641590046088417
dreammachines, G1650 ,I5G10,144.0, GTX 1650 4,16.0,1024.0,0.0,16.0,fhd,130800,-0.26715118541188937
dreammachines, G1650 ,I5G10,144.0, GTX 1650 4,16.0,1024.0,0.0,16.0,fhd,120800,-0.4176072414611124
dreammachines, G1650,I7G10,144.0, GTX 1650 4,16.0,1024.0,0.0,16.0,fhd,149800,0.018715321081634404
dreammachines, G1650 ,I7G10,144.0, GTX 1650 4,16.0,1024.0,0.0,16.0,fhd,140800,-0.11669512936266632
dreammachines, RG2060 ,I7G10,144.0, RTX 2060 6,16.0,1024.0,0.0,16.0,fhd,170800,0.33467303878500276
dreammachines, RT2070-15NA53 Laptop,ryzen3,144.0, RTX 2070 8,16.0,1024.0,0.0,16.0,fhd,190800,0.6355851508834488
dreammachines, RT2070-15NA54 Laptop ,ryzen3,144.0, RTX 2070 8,16.0,1024.0,0.0,16.0,fhd,216800,1.0267708966114286
dreammachines, T1660Ti Laptop ,ryzen3,144.0, GTX 1660Ti 6,16.0,1024.0,0.0,16.0,fhd,190800,0.6355851508834488
hp, Envy Core 13 10th Gen i7 10510U,I7G10,144.0, MX250 2  Graphics,16.0,512.0,0.0,13.0,touch,170800,0.33467303878500276
hp, OMEN 15 GAMING AMD Ryzen 7 4800H,I7G10,144.0, GTX 1660Ti 6,16.0,1024.0,0.0,16.0,fhd,176800,0.4249466724145366
hp, OMEN 15,I7G9,144.0, GTX 1660 Ti,16.0,256.0,0.0,16.0,fhd,150800,0.03376092668655671
hp, OMEN 17 8th gen i7-8750H,I7G10,120.0, GTX 1070 8,16.0,256.0,1024.0,17.0,fhd,170800,0.33467303878500276
hp, Pavilion 14 Laptop,I5G11,192.0,Intel,8.0,256.0,0.0,14.0,ips,88800,-0.8990666208186261
hp, Pavilion 15 GAMING ,I7G10,144.0, NVIDIA GTX 1650 4,8.0,256.0,0.0,6.0,fhd,106800,-0.6282457199300246
hp, Pavilion 15 Gaming Laptop ,ryzen5,144.0, NVIDIA GTX 1650ti 4,16.0,512.0,0.0,16.0,fhd,134800,-0.20696876299220013
hp, Pavilion ,I7G10,144.0, NVIDIA GeForce GTX 1650Ti ,8.0,512.0,0.0,16.0,fhd,146800,-0.026421495733132502
hp, Pavilion Gaming Laptop ,I5G10,144.0, GTX 1660Ti 6,8.0,512.0,0.0,16.0,fhd,134800,-0.20696876299220013
hp, ProBook 430G5,I5G8,144.0,Intel,8.0,256.0,0.0,13.0,fhd,84800,-0.9592490432383153
hp, ProBook 440 G5,I5G8,144.0,Intel,8.0,0.0,500.0,14.0,fhd,82800,-0.9893402544481599
hp, Spectre x360 2-in-1 ,I7G10,144.0,Intel,8.0,512.0,0.0,13.0,touch,168800,0.30458182757515817
hp, ZBook 15 G4 ,I7,144.0, Quadro M620 2,32.0,256.0,1024.0,16.0,fhd,230800,1.237409375080341
hp, ZBook 15u G5,I7G8,144.0, Radeon Pro WX 3100 2,16.0,512.0,0.0,16.0,fhd,230800,1.237409375080341
lenevo, Ideapad 3,ryzen5,144.0, ,8.0,512.0,0.0,16.0,fhd,79800,-1.0344770712629268
lenevo, IdeaPad 3 ,I5G10,144.0, Intel Uhd Graphics,8.0,512.0,0.0,14.0,fhd,86800,-0.9291578320284707
lenevo, IdeaPad 5 ,I5G10,144.0,Intel,8.0,512.0,0.0,16.0,fhd,88800,-0.8990666208186261
lenevo, Ideapad 730S ,I5G8,192.0,Intel,8.0,256.0,0.0,13.0,ips,82800,-0.9893402544481599
lenevo, IdeaPad L340 ,I5G9,60.0, GTX 1650 4,8.0,512.0,0.0,16.0,fhd,108800,-0.5981545087201801
lenevo, IdeaPad Slim 5i ,I5G11,192.0,Intel,8.0,512.0,0.0,16.0,ips,90800,-0.8689754096087815
lenevo, Legion 5 ,ryzen5,120.0, RTX 2060 6,8.0,512.0,0.0,16.0,fhd,154800,0.09394334910624592
lenevo, Legion 5,ryzen5,120.0, RTX 2060 6,16.0,512.0,0.0,16.0,fhd,160800,0.18421698273577974
lenevo, Legion 5,I7,144.0, RTX 2060 6,16.0,512.0,0.0,16.0,fhd,190800,0.6355851508834488
lenevo, LEGION 5 ,I7,144.0, GTX 1660Ti 6 ,16.0,512.0,0.0,16.0,fhd,170800,0.33467303878500276
lenevo, LEGION 5i ,I7G10,144.0, RTX 2060,16.0,256.0,0.0,16.0,fhd,184800,0.545311517253915
lenevo, LEGION 5i,I7G10,240.0, RTX 2060,16.0,512.0,0.0,16.0,fhd,196800,0.7258587845129827
lenevo, LEGION 5i ,I7G10,120.0, GTX 1650Ti ,8.0,512.0,0.0,16.0,fhd,142800,-0.08660391815282172
lenevo, LEGION 5i ,I7G10,120.0, GTX 1660Ti 6,8.0,512.0,0.0,16.0,fhd,154800,0.09394334910624592
lenevo, Legion 7i Gaming Laptop,I7G10,144.0, RTX 2070 Super Max-Q 8,16.0,1024.0,0.0,16.0,fhd,242800,1.4179566423394085
lenevo, Legion Y540 ,I7G9,144.0, GTX 1660Ti 6,16.0,512.0,0.0,16.0,fhd,156800,0.12403456031609053
lenevo, Legion Y540 ,I7G9,60.0,Intel,16.0,512.0,1024.0,16.0,fhd,140800,-0.11669512936266632
lenevo, Legion Y730 ,I5G8,144.0, GTX 1050Ti 4,8.0,128.0,1024.0,16.0,fhd,110800,-0.5680632975103354
lenevo, Legion Y740,I7G8,144.0, RTX 2070,16.0,256.0,1024.0,15.0,fhd,230800,1.237409375080341
lenevo, Legion Y740,I7G9,144.0, RTX 2060,16.0,1024.0,0.0,15.0,fhd,215800,1.0117252910065064
lenevo, kPad 13 L390 ,I5G8,144.0,Intel,8.0,256.0,0.0,13.0,touch,116800,-0.4777896638808016
lenevo, kpad E14,I5G10,192.0,Intel,8.0,0.0,1024.0,14.0,ips,108800,-0.5981545087201801
lenevo, kpad E14 ,I7G10,192.0,Intel,8.0,256.0,0.0,14.0,ips,138800,-0.14678634057251091
lenevo, kPad X1 Carbon,I7G8,144.0,Intel,16.0,512.0,0.0,14.0,fhd,205800,0.8612692349572834
lenevo, kPad X1 Carbon,I5G10,144.0,Intel,8.0,256.0,0.0,14.0,fhd,172800,0.36476424999484736
lenevo, kPad X1 Carbon,I7G10,144.0,Intel,16.0,1024.0,0.0,14.0,fhd,262800,1.7188687544378547
lenevo, kPad X1 Extreme ,I7G8,144.0, GTX 1050Ti 4,16.0,512.0,0.0,16.0,fhd,240800,1.387865431129564
lenevo, kPad X395 ,ryzen3,144.0, Vega 10 Graphics,16.0,512.0,0.0,13.0,touch,148800,0.003669715476712102
lenevo, Yoga 920,I7G8,144.0,Intel,16.0,1024.0,0.0,13.0,4k_touch,178800,0.4550378836243812
lenevo, Yoga 920 ,I7G8,144.0,Intel,8.0,256.0,0.0,13.0,touch,128800,-0.29724239662173396
lenevo, Yoga Duet 7i 2-in-1 ,I7G10,144.0,Intel,8.0,512.0,0.0,13.0,touch,154800,0.09394334910624592
apple,Macbook Pro 13 2020 ,I5G10,144.0,Intel,16.0,512.0,0.0,13.0,retina,262800,1.7188687544378547
apple,Macbook Pro 13  ,I5G8,144.0,Intel,8.0,256.0,0.0,13.0,retina,199800,0.7709956013277496
apple,Macbook Pro 2020 ,I5G8,144.0,Intel,8.0,512.0,0.0,13.0,retina,228800,1.2073181638704964
microsoft, Surface Book 2 2-IN-1,I7G8,144.0, GTX 1050 2,8.0,256.0,0.0,14.0,touch,258800,1.6586863320181655
microsoft, Surface Pro 6 ,I5G8,144.0,Intel,8.0,256.0,0.0,12.0,touch,168800,0.30458182757515817
microsoft, Surface Pro 6 ,I7G8,144.0,Intel,16.0,512.0,0.0,12.0,touch,248800,1.5082302759689423
microsoft, Surface Pro 7 ,I5G10,144.0,Intel,8.0,128.0,0.0,12.0,touch,154800,0.09394334910624592
microsoft, Surface Pro 7 ,I5G10,144.0,Intel,8.0,256.0,0.0,12.0,touch,178800,0.4550378836243812
microsoft, Surface Pro 7 ,I7G10,144.0,Intel,16.0,256.0,0.0,12.0,touch,262800,1.7188687544378547
microsoft, Surface Pro ,I5G7,144.0,Intel,8.0,256.0,0.0,12.0,touch,152800,0.06385213789640132
msi, Alpha 15,ryzen3,144.0, Radeon RX5500 4,16.0,512.0,0.0,16.0,fhd,140800,-0.11669512936266632
msi, GE63 Raider ,I7G8,144.0, RTX 2070 8 ,16.0,512.0,1024.0,16.0,fhd,205800,0.8612692349572834
msi, GE63 Raider ,I7G8,120.0, GTX 1060 6,16.0,256.0,1024.0,16.0,fhd,154800,0.09394334910624592
msi, GE63 Raider ,I7G9,144.0, RTX 2060 6,16.0,1024.0,0.0,16.0,fhd,196800,0.7258587845129827
msi, GF63 ,I5G9,60.0, GTX 1650 4,8.0,512.0,0.0,16.0,fhd,102800,-0.6884281423497138
msi, GF63 ,I7G10,120.0, GTX 1660Ti 6,8.0,512.0,0.0,16.0,fhd,158800,0.15412577152593512
msi, GL63 ,I7G9,144.0, GTX 1660Ti 6,16.0,512.0,0.0,16.0,fhd,154800,0.09394334910624592
msi, GL63 ,I7G9,144.0, RTX 2060 6,16.0,512.0,0.0,16.0,fhd,184800,0.545311517253915
msi, GL63 ,I5G8,60.0, GTX 1050 2,8.0,128.0,1024.0,16.0,fhd,84800,-0.9592490432383153
msi, P65 Creator,I7G8,144.0, GTX 1050TI 4,16.0,256.0,0.0,16.0,fhd,148800,0.003669715476712102
msi, P65 Creator ,I7G8,144.0,GTX 1060 6,16.0,512.0,0.0,16.0,fhd,154800,0.09394334910624592
msi, PS42 Modern,I7G8,144.0, GTX 1050 2,16.0,256.0,0.0,14.0,fhd,148800,0.003669715476712102
msi, GS65-Stealth ,I7G9,144.0, GTX 1660Ti 6,16.0,512.0,0.0,16.0,fhd,165800,0.2594450107603912
msi, GS65-Stealth,I7G9,240.0, RTX 2060 6,32.0,512.0,0.0,16.0,fhd,205800,0.8612692349572834
razer, Blade 15 ,I7G9,144.0, GTX 1660 Ti 6,16.0,256.0,0.0,16.0,fhd,192800,0.6656763620932934
razer, Blade 15 GAMING ,I7G10,144.0, RTX 2060 6,16.0,512.0,0.0,16.0,fhd,248800,1.5082302759689423
samsung, Odyssey ,I7,144.0, GTX 1060 6,16.0,128.0,1024.0,16.0,fhd,120800,-0.4176072414611124
acer,Aspire A515-51G-731M,I7,144.0,NVIDIA GeForce 940MX,12.0,256.0,0.0,16.0,fhd,90000,-0.8810118940927193
acer,ASPIRE E5-575-33BM,I3,144.0,Intel,4.0,0.0,0.0,16.0,fhd,48000,-1.512927329499456
acer,Aspire V 15 Nitro 7-593G-76SS,I7,144.0,NVIDIA GTX1060,16.0,0.0,1024.0,16.0,fhd,135000,-0.20395964187121568
acer,Predator G9-593-73N6,I7,144.0,NVIDIA GTX1060,16.0,256.0,1024.0,16.0,fhd,170000,0.3226365543010649
acer,Predator Helios 300,I7,144.0,NVIDIA GTX1060,16.0,512.0,0.0,16.0,fhd,145000,-0.05350358582199265
acer,Predator Triton 500,I7G10,60.0,Intel,16.0,0.0,0.0,16.0,hd,186800,0.5754027284637596
acer,R5,I5G7,144.0,NVIDIA 940MX ,8.0,0.0,0.0,16.0,fhd,77000,-1.0766047669567091
acer,R5-571TG-78G8,I7G10,144.0,NVIDIA GeForce 940MX,12.0,0.0,1024.0,16.0,fhd,90000,-0.8810118940927193
alienware,AREA-51M,I7G10,144.0,RTX 2070,8.0,0.0,0.0,17.0,fhd,432800,4.2766217072746455
apple, Mac Mini ,I3,144.0,Intel,8.0,256.0,0.0,13.0,fhd,158000,0.14208928704199728
apple, MacBook Air,I5,60.0,Intel,8.0,128.0,0.0,13.0,hd,115000,-0.5048717539696618
apple, MacBook Air,I5,60.0,Intel,8.0,256.0,0.0,13.0,hd,138000,-0.15882282505644876
apple, MacBook Pro,I5,144.0,Intel,8.0,256.0,0.0,13.0,fhd,212000,0.9545519897078016
apple, MacBook Pro,I5,144.0,Intel,8.0,512.0,0.0,13.0,fhd,245000,1.4510569746702375
apple, MacBook Pro,I5,144.0,Intel,8.0,128.0,0.0,13.0,fhd,158000,0.14208928704199728
apple, MacBook Pro,I5,144.0,Intel,8.0,256.0,0.0,13.0,fhd,185000,0.5483206383748994
asus, ROG G531GT-BI7N6,I7G9,144.0,GTX 1650 ,8.0,512.0,0.0,13.0,fhd,140000,-0.12873161384660417
asus, ROG G752VS-US74K,I7,144.0,NVIDIA GeForce GTX 1070,8.0,512.0,1024.0,17.0,fhd,280000,1.9776531708425182
asus, ROG GL502VS-DS71,I7,144.0,NVIDIA GTX1070,16.0,128.0,1024.0,16.0,fhd,195000,0.6987766944241225
asus, ROG GL503VD-DB74,I7,144.0,GTX1050,6.0,256.0,1024.0,16.0,fhd,140000,-0.12873161384660417
asus, ROG GL503VM-DB74,I7,144.0,GTX1060,16.0,256.0,1024.0,16.0,fhd,170000,0.3226365543010649
asus, ROG GL504GM-ES152T Hero 2,I7G8,144.0,GTX 1060,16.0,512.0,0.0,16.0,fhd,175000,0.39786458232567645
asus, ROG GL553VE-FY169,I7,144.0,NVIDIA GTX1050,16.0,0.0,1024.0,16.0,fhd,128000,-0.3092788811056718
asus, ROG GL753VE-IS74,I7,144.0,NVIDIA GTX1050Ti,16.0,128.0,1024.0,16.0,fhd,135000,-0.20395964187121568
asus, ROG ZEPHYRUS S GX531GS-AH76,I7G8,144.0,GTX 1070,16.0,0.0,0.0,16.0,fhd,210000,0.924460778497957
asus, TUF  fhd -Type,I7G10,144.0,AMD Ryzen 7 3550H,8.0,0.0,1024.0,16.0,fhd,110000,-0.5800997819942733
asus, TUF AMD Ryzen 7 R7-3750H,I7G10,144.0,GeForce GTX 1660 Ti,16.0,256.0,1024.0,16.0,fhd,149999,0.021709396597013944
asus, VivoBook S15 S510UN-MS52,I5G8,144.0,Intel,8.0,256.0,0.0,16.0,fhd,89000,-0.8960574996976416
asus, ZenBook UX430UN-IH74,I7G8,144.0,NVIDIA GeForce MX150,16.0,512.0,0.0,14.0,fhd,140000,-0.12873161384660417
dell, 3580 Latitude Laptop,I5G7,144.0,Intel,4.0,0.0,1024.0,15.0,fhd,66500,-1.2345836258083933
dell, alienware 15R4,I7G8,144.0,Intel,16.0,256.0,1024.0,15.0,fhd,190800,0.6355851508834488
dell, alienware M17-7219SLV,I7G8,144.0,Intel,16.0,512.0,0.0,15.0,fhd,290000,2.128109226891741
dell, G3 3579 Core ,I7G8,144.0,Intel,16.0,256.0,1024.0,16.0,fhd,160000,0.1721804982518419
dell, G3 3590,I5G9,60.0,Intel,8.0,0.0,0.0,16.0,hd,124800,-0.35742481904142315
dell, G5,I7G9,144.0,Intel,8.0,0.0,0.0,16.0,fhd,164800,0.24439940515546896
dell, Inspiron 14 7460,I7,144.0,Intel,8.0,0.0,0.0,14.0,fhd,79990,-1.0316184061979916
dell, Inspiron 15 3552,pentium,144.0,Intel,4.0,0.0,500.0,15.0,fhd,34000,-1.7235658079683682
dell, Inspiron 3573 Intel,pentium,144.0,Intel,4.0,0.0,500.0,16.0,fhd,29999,-1.7837632759936624
dell, Inspiron 3580,I7G8,144.0,Intel,8.0,0.0,1024.0,16.0,fhd,78898,-1.0480482075185666
dell, Inspiron 3581,I3,144.0,Intel,4.0,0.0,1024.0,16.0,fhd,42995,-1.5882305855520922
dell, Inspiron 5565,I7G10,144.0,Intel,8.0,0.0,1024.0,16.0,fhd,65000,-1.257152034215777
dell, Inspiron 5570 ,I7G10,144.0,Intel,8.0,0.0,1024.0,16.0,fhd,98500,-0.7531242464508797
dell, Inspiron 5570 Laptop,I5G8,60.0,Intel,4.0,0.0,1024.0,16.0,hd,65500,-1.2496292314133157
dell, Inspiron 7370,I5G8,144.0,Intel,8.0,256.0,0.0,13.0,fhd,85000,-0.9562399221173308
dell, Inspiron 7567,I7,144.0,NVIDIA GTX1050Ti,16.0,128.0,1024.0,16.0,fhd,127000,-0.3243244867105941
dell, Inspiron 7567,I5G7,144.0,NVIDIA GTX1050Ti,8.0,256.0,0.0,16.0,fhd,100000,-0.7305558380434963
dell, Inspiron 7570,I7G10,144.0,NVIDIA 940MX,16.0,512.0,0.0,16.0,fhd,135000,-0.20395964187121568
dell, Inspiron 7573-7019BLK ,I7G8,144.0,Nvidia MX130 ,16.0,256.0,0.0,15.0,fhd,135000,-0.20395964187121568
dell, Inspiron 7577,I7,144.0,NVIDIA GTX1060,16.0,128.0,1024.0,16.0,fhd,146000,-0.038457980217070344
dell, Latitude 3480 Laptop,I3G6,144.0,Intel,4.0,0.0,1024.0,15.0,fhd,42951,-1.5888925921987087
hp, 15-DA0326TU,I3G7,144.0,Intel,4.0,0.0,1024.0,14.0,fhd,45600,-1.5490367829512695
hp, Envy,I7G8,144.0,Intel,8.0,360.0,0.0,13.0,fhd,115000,-0.5048717539696618
hp, ENVY 15T x360,I5G8,144.0,Intel,8.0,0.0,0.0,16.0,fhd,80000,-1.0314679501419424
hp, OMEN 15-DC0020CA,I7G8,144.0,Intel,16.0,128.0,1024.0,14.0,fhd,155000,0.09695247022723039
hp, Pavilion - 14-bf116tx,I5G8,144.0,NVIDIA GeForce 940MX ,8.0,0.0,1024.0,14.0,fhd,77000,-1.0766047669567091
hp, Pavilion 15 CK063TX,I5G8,144.0,NVIDIA MX150,8.0,0.0,1024.0,16.0,fhd,76000,-1.0916503725616316
hp, Pavilion 15 Power,I5G7,144.0,NVIDIA GTX1050,8.0,0.0,1024.0,16.0,fhd,88000,-0.9111031053025639
hp, Pavilion 15-Ck013ca,I7G8,144.0,NIVIDIA GeForce MX150,12.0,256.0,1024.0,16.0,fhd,95000,-0.8057838660681078
hp, Pavilion 15-CK075,I5G8,60.0,Intel,8.0,0.0,0.0,16.0,hd,75000,-1.1066959781665537
hp, ProBook 440 G4,I5G7,144.0,Intel,8.0,0.0,500.0,14.0,fhd,65000,-1.257152034215777
hp, Spectre 15-BL112 x360,I7G10,144.0,NVIDIA MX150,16.0,512.0,0.0,16.0,fhd,185000,0.5483206383748994
hp, Spectre x360 8th gen hp,I7G10,144.0,Intel,16.0,512.0,0.0,13.0,fhd,175000,0.39786458232567645
lenevo, Ideapad 330 81DC00TGIN,I3G6,60.0,Intel,4.0,0.0,1024.0,16.0,hd,39975,-1.6336683144789574
lenevo, LEGION Y730,I7G8,144.0,GTX 1050 Ti,16.0,128.0,1024.0,15.0,fhd,110800,-0.5680632975103354
lenevo, V110 80THA00TIH Laptop,I5G7,144.0,Intel,4.0,500.0,0.0,16.0,fhd,53500,-1.4301764986723833
lenovo,Y720 Legion,I7,144.0,NVIDIA GTX1060,16.0,256.0,0.0,14.0,fhd,159000,0.1571348926469196
lenovo,Yoga 720-13IKB,I5G7,144.0,Intel,4.0,128.0,0.0,13.0,fhd,75000,-1.1066959781665537
lenovo,Yoga 720-15IKB,I7,144.0,NVIDIA GTX1050,8.0,512.0,0.0,16.0,fhd,145000,-0.05350358582199265
lenovo,Yoga 910,I7,144.0,Intel,8.0,256.0,0.0,14.0,fhd,115000,-0.5048717539696618
macbook,Pro,I7G10,144.0,Intel,8.0,512.0,0.0,16.0,fhd,330000,2.7299334510886335
microsoft surface,Book SX300001,I5G6,144.0,NVIDIA GeForce Graphics,8.0,256.0,0.0,14.0,fhd,170000,0.3226365543010649
microsoft surface,Pro 4,I7,144.0,Intel,16.0,256.0,0.0,12.0,fhd,195000,0.6987766944241225
msi,GL63,I7G9,144.0,NVIDIA GeForce RTX 2060,6.0,0.0,0.0,16.0,fhd,178800,0.4550378836243812
msi,GS43VR 7RE PHANTOM Pro,I7,144.0,NVIDIA GTX 1060,16.0,128.0,1024.0,14.0,fhd,175000,0.39786458232567645
msi,GS63VR STEALTH Pro,I7,144.0,NVIDIA GTX 1060,16.0,256.0,1024.0,16.0,fhd,175000,0.39786458232567645
razer blade,Core,I7,144.0,NVIDIA GTX1060,16.0,512.0,0.0,14.0,fhd,230000,1.2253728905964032
razer blade,Pro,I7,144.0,NVIDIA GTX1060,16.0,256.0,2048.0,17.0,qhd,280000,1.9776531708425182
razer blade,Stealth,I7,144.0,Intel,16.0,512.0,0.0,13.0,fhd,145000,-0.05350358582199265
samsung,Notebook Odyssey,I7,144.0,Intel,8.0,0.0,1024.0,16.0,fhd,132800,-0.23705997420204475
acer,Aspire 5,I3G10,60.0,Intel,4.0,0.0,1024.0,16.0,hd,60000,-1.3323800622403883
acer,Aspire 5,I3G10,144.0,Intel,4.0,256.0,0.0,14.0,fhd,61000,-1.3173344566354661
acer,Swift 3 SF314-57-56QV,I5G10,144.0,Intel,4.0,256.0,0.0,14.0,fhd,80000,-1.0314679501419424
acer,Aspire 5,I5G10,144.0,Intel,8.0,512.0,0.0,16.0,fhd,86000,-0.9411943165124085
acer,Swift 3 SF314-57G-53QQ,I5G10,144.0,NVIDIA MX350,4.0,256.0,0.0,14.0,fhd,89000,-0.8960574996976416
acer,Swift 3 SF314-57G-560R,I5G10,144.0,NVIDIA MX350,4.0,512.0,0.0,14.0,fhd,93000,-0.8358750772779524
acer,Swift 3,ryzen5,144.0,AMD VEGA 8,8.0,256.0,0.0,14.0,fhd,95000,-0.8057838660681078
acer,Swift 3 SF314-57G-57ZV,I5G10,144.0,NVIDIA MX350,8.0,256.0,0.0,14.0,fhd,97000,-0.7756926548582632
acer,Nitro 5,I5G9,144.0,GTX 1650,8.0,128.0,1024.0,16.0,fhd,107000,-0.6252365988090401
acer,Nitro 5,I5G10,144.0,GTX 1650,8.0,256.0,0.0,16.0,fhd,112000,-0.5500085707844287
acer,Swift 3 SF314-57G-74RA,I7G10,144.0,NVIDIA MX350,8.0,256.0,0.0,14.0,fhd,115000,-0.5048717539696618
acer,Nitro 5,I5G10,144.0,GTX 1650ti,8.0,256.0,0.0,16.0,fhd_touch,118000,-0.45973493715489483
acer,Spin 3,I7G10,144.0,Intel,8.0,512.0,0.0,14.0,fhd,120000,-0.42964372594505024
acer,Nitro 5,ryzen5,144.0,GTX 1650Ti,8.0,256.0,0.0,16.0,fhd_touch,123000,-0.3845069091302833
acer,Nitro 5,I5G8,144.0,GTX 1050,8.0,0.0,1024.0,16.0,fhd,125000,-0.3544156979204387
acer,Nitro 5,ryzen5,144.0,GTX 1650ti,8.0,512.0,0.0,16.0,fhd,125000,-0.3544156979204387
acer,Nitro 5,I5G10,144.0,GTX 1650ti,8.0,512.0,0.0,16.0,fhd,129000,-0.2942332755007495
acer,Nitro 5,I7,144.0,GTX 1650ti,8.0,0.0,1024.0,16.0,fhd_touch,137000,-0.17386843066137106
acer,Nitro Spin 5,I7G8,144.0,GTX 1050,8.0,0.0,1024.0,16.0,fhd,143000,-0.08359479703183725
acer,Nitro 5,I7,144.0,GTX 1650ti,8.0,512.0,0.0,16.0,fhd,144000,-0.06854919142691496
acer,Nitro 5,I7G10,144.0,GTX 1650ti,8.0,256.0,0.0,16.0,fhd,145000,-0.05350358582199265
acer,Nitro 5,I5G10,144.0,RTX 2060,8.0,0.0,1024.0,16.0,fhd,148000,-0.00836676900722574
acer,Predator Helios  300,I5G10,144.0,GTX 1660Ti,8.0,512.0,0.0,16.0,fhd,149000,0.006678836597696563
acer,Nitro 5,I7G10,144.0,GTX 1650ti,8.0,512.0,0.0,16.0,fhd_touch,155000,0.09695247022723039
acer,Nitro Spin 5,I7G8,144.0,GTX 1050,16.0,256.0,1024.0,16.0,fhd,158000,0.14208928704199728
acer,Nitro 5,I7G9,144.0,RTX 2060,16.0,256.0,0.0,16.0,fhd,165000,0.2474085262764534
acer,Predator Helios 300,I7G10,144.0,GTX 1660Ti,16.0,512.0,0.0,16.0,fhd,169000,0.3075909486961426
acer,Predator Helios 300,I7G10,144.0,GTX 1660Ti,16.0,1024.0,0.0,16.0,fhd,190000,0.623548666399511
acer,Predator Helios 300,I7G10,120.0,RTX 2060,16.0,512.0,0.0,16.0,fhd,195000,0.6987766944241225
acer,Predator Triton 300,I7G10,144.0,RTX 2060,16.0,512.0,0.0,16.0,fhd,205000,0.8492327504733456
acer,Predator Triton 300,I7G10,144.0,RTX 2060,16.0,512.0,0.0,16.0,fhd,215000,0.9996888065225685
acer,Predator Helios 300,I7G10,240.0,RTX 2070,16.0,512.0,0.0,16.0,fhd,235000,1.3006009186210146
acer,Predator Triton 300,I7G10,144.0,RTX 2070,16.0,512.0,0.0,16.0,fhd,235000,1.3006009186210146
acer,Predator Triton 500,I7G10,144.0,RTX 2070,16.0,512.0,0.0,16.0,fhd,265000,1.7519690867686837
asus,VivoBook 15 X515MA,celeron,144.0,Intel,4.0,256.0,0.0,16.0,fhd,48000,-1.512927329499456
asus,VivoBook E410MA,celeron,144.0,Intel,4.0,256.0,0.0,14.0,fhd_touch,48000,-1.512927329499456
asus,VivoBook Flip 14 TP401MA,celeron,144.0,Intel,4.0,128.0,0.0,14.0,fhd,57700,-1.3669849551317097
asus,VivoBook 14 X415JA,I3G10,144.0,Intel,4.0,256.0,0.0,14.0,fhd,63000,-1.2872432454256215
asus,VivoBook 14 X413EA,I3G11,144.0,Intel,4.0,256.0,0.0,14.0,fhd,67000,-1.2270608230059323
asus,VIVOBOOK X409JA,I5G10,144.0,Intel,4.0,256.0,0.0,14.0,fhd_touch,75000,-1.1066959781665537
asus,VivoBook Flip 14 TP412FA,I3G10,144.0,Intel,4.0,256.0,0.0,14.0,fhd,83000,-0.9863311333271754
asus,VivoBook 14 X415JA,I5G10,144.0,Intel,8.0,256.0,0.0,14.0,fhd,83000,-0.9863311333271754
asus,VivoBook 15 M513IA,ryzen5,144.0,Intel,8.0,256.0,0.0,16.0,fhd,87000,-0.9261487109074862
asus,VIVOBOOK X509JP,I5G10,144.0,NVIDIA MX330,4.0,0.0,1024.0,16.0,fhd,87000,-0.9261487109074862
asus,VivoBook 15 X515JA,I5G10,144.0,Intel,8.0,512.0,0.0,16.0,fhd,88000,-0.9111031053025639
asus,VIVOBOOK X515EA,I5G11,144.0,Intel,8.0,256.0,0.0,16.0,fhd,90000,-0.8810118940927193
asus,VivoBook 14 X413EA,I5G11,144.0,Intel,8.0,256.0,0.0,14.0,fhd,95000,-0.8057838660681078
asus,VivoBook 15 K513EA,I5G11,144.0,Intel,8.0,512.0,0.0,16.0,fhd,102000,-0.7004646268336516
asus,VIVOBOOK K403FA,I5G10,144.0,Intel,8.0,512.0,0.0,14.0,fhd_touch,106000,-0.6402822044139624
asus,VivoBook Flip TM420IA,I7G10,144.0,Intel,8.0,512.0,0.0,14.0,fhd,108000,-0.6101909932041178
asus,VIVOBOOK X415JA,I7G10,144.0,Intel,8.0,256.0,0.0,14.0,fhd,115000,-0.5048717539696618
asus,VIVOBOOK S15 S533FL,I5G10,144.0,Intel,8.0,512.0,0.0,16.0,fhd_touch,116000,-0.4898261483647394
asus,VivoBook Flip 14 TM420UA,ryzen5,144.0,Intel,8.0,512.0,0.0,14.0,fhd,116000,-0.4898261483647394
asus,VivoBook S14 S431,I7G10,144.0,NVIDIA MX250,8.0,256.0,0.0,14.0,fhd_touch,120000,-0.42964372594505024
asus,VivoBook Flip 14 TP470EA,I5G11,144.0,1135G7,8.0,512.0,0.0,14.0,fhd,120000,-0.42964372594505024
asus,VivoBook 15 X515JP,I7G10,144.0,NVIDIA MX330,8.0,512.0,0.0,16.0,fhd,122000,-0.3995525147352056
asus,TUF F15 Gaming Laptop,I5G10,144.0,GTX 1650,8.0,512.0,0.0,16.0,fhd,122000,-0.3995525147352056
asus,ZenBook 13 UX325JA,I5,144.0,Intel,8.0,512.0,0.0,13.0,fhd,125000,-0.3544156979204387
asus,ZenBook 14 UX425JA,I5,144.0,Intel,8.0,512.0,0.0,14.0,fhd,125000,-0.3544156979204387
asus,VivoBook 15 X515EP,I7G11,144.0,NVIDIA MX330,8.0,512.0,0.0,16.0,fhd,126000,-0.3393700923155164
asus,ZenBook 13 UX325EA,I5,144.0,Intel,8.0,512.0,0.0,13.0,fhd,127000,-0.3243244867105941
asus,ZenBook 14 UX425EA,I5,144.0,Intel,8.0,512.0,0.0,14.0,fhd,127000,-0.3243244867105941
asus,VIVOBOOK K403FA,I7G10,144.0,Intel,16.0,512.0,0.0,14.0,fhd,131000,-0.26414206429090487
asus,TUF F15 Gaming Laptop,I5G10,144.0,GTX 1650Ti,16.0,512.0,0.0,16.0,fhd_touch,132000,-0.2490964586859826
asus,S ZenBook UX463FA,I5G10,144.0,Intel,8.0,512.0,0.0,14.0,fhd,134000,-0.21900524747613798
asus,TUF A15 Gaming Laptop,ryzen5,144.0,GTX 1650Ti,8.0,512.0,0.0,16.0,fhd,135000,-0.20395964187121568
asus,VivoBook 15 K513EQ,I7G11,144.0,NVIDIA MX350,8.0,512.0,0.0,16.0,fhd,135000,-0.20395964187121568
asus,ROG Strix G531GT,I5G9,144.0,GTX 1650,8.0,512.0,0.0,16.0,fhd_touch,137000,-0.17386843066137106
asus,VivoBook Flip 14 TP470EA,I7G11,144.0,1135G7,8.0,512.0,0.0,14.0,fhd,138000,-0.15882282505644876
asus,VivoBook S15 S533EA,I7G11,144.0,Intel,16.0,512.0,0.0,16.0,fhd,141000,-0.11368600824168186
asus,VivoBook S15 S533JQ,I7G10,144.0,Nvidia MX350,16.0,512.0,0.0,16.0,fhd,141000,-0.11368600824168186
asus,ZenBook 14 UX434FQ,I5G10,144.0,NVIDIA MX350,8.0,512.0,0.0,14.0,fhd,142000,-0.09864040263675956
asus,ROG Strix G15 G512LI,I5G10,144.0,GTX 1650TI,16.0,512.0,0.0,16.0,fhd_touch,143000,-0.08359479703183725
asus,ZenBook Flip 13 UX363EA,I5G11,144.0,Intel,16.0,512.0,0.0,13.0,fhd,146000,-0.038457980217070344
asus,TUF F15 Gaming Laptop,I7G10,144.0,8 Core GTX 1650,8.0,512.0,0.0,16.0,fhd,148000,-0.00836676900722574
asus,ZenBook 13 UX325JA,I7G10,144.0,Intel,16.0,512.0,0.0,13.0,fhd,148000,-0.00836676900722574
asus,TUF A15 FA506II Gaming Laptop,I7,144.0,GTX 1650Ti,16.0,512.0,0.0,16.0,fhd_touch,152000,0.05181565341246347
asus,ZenBook 14 UX435EG,I5G11,144.0,Intel,8.0,512.0,0.0,14.0,fhd,153000,0.06686125901738578
asus,ZenBook 13 UX325EA,I7G10,144.0,Intel,16.0,512.0,0.0,13.0,fhd,154000,0.08190686462230808
asus,ZenBook 14 UX425EA,I7G10,144.0,Intel,16.0,512.0,0.0,13.0,fhd,154000,0.08190686462230808
asus,TUF A15 FA506IU Gaming Laptop,I7,144.0,GTX 1660Ti,16.0,512.0,0.0,16.0,fhd,161000,0.1872261038567642
asus,TUF A17 FA706IU Gaming Laptop,I7,120.0,GTX 1660Ti,8.0,512.0,0.0,17.0,hd,167000,0.277499737486298
dell,Vostro 3501,I3G10,60.0,Intel,4.0,0.0,1024.0,16.0,hd,59000,-1.3474256678453107
dell,Vostro 3401,I3G10,60.0,Intel,4.0,0.0,1024.0,14.0,hd,59000,-1.3474256678453107
dell,Vostro 3401,I3G10,60.0,Intel,8.0,0.0,1024.0,14.0,hd,62000,-1.3022888510305437
dell,Latitude 3410,I3G10,144.0,Intel,4.0,0.0,1024.0,14.0,fhd,65500,-1.2496292314133157
dell,Vostro 3400,I5G11,144.0,Intel,4.0,0.0,1024.0,14.0,fhd,79000,-1.0465135557468646
dell,Vostro 3500,I5G11,144.0,Intel,4.0,0.0,1024.0,16.0,fhd,79000,-1.0465135557468646
dell,Inspirion 3501,I5G11,144.0,Nvidia MX330 2GB,8.0,256.0,0.0,16.0,fhd,94000,-0.8208294716730301
dell,Inspiron 5391,I5G10,144.0,Intel,8.0,256.0,0.0,13.0,fhd,103000,-0.6854190212287293
dell,G3 G3590,I5G9,144.0,GTX 1650,8.0,512.0,0.0,16.0,fhd,108000,-0.6101909932041178
dell,Vostro 3500,I7G11,144.0,Nvidia MX330,8.0,512.0,0.0,16.0,fhd_touch,112000,-0.5500085707844287
dell,Inspiron 7490,I5G10,144.0,Intel,8.0,256.0,0.0,14.0,fhd,118000,-0.45973493715489483
dell,Inspiron 7391,I5G10,144.0,Intel,8.0,256.0,0.0,13.0,fhd_touch,118000,-0.45973493715489483
dell,Inspiron 7300 2-in-1,I5G10,144.0,Intel,8.0,512.0,0.0,13.0,fhd,119000,-0.44468933154997253
dell,Inspiron 7490,I7G10,144.0,Intel,8.0,512.0,0.0,14.0,fhd_touch,120000,-0.42964372594505024
dell,Inspiron 5400 2-in-1,I7G10,120.0,Intel,8.0,512.0,0.0,14.0,fhd,121000,-0.41459812034012794
dell,G3 G3500 i5,I7G10,144.0,NVIDIA GTX 1650TI,8.0,512.0,0.0,16.0,fhd,125000,-0.3544156979204387
dell,Inspiron 7490,I5G10,144.0,NVIDIA MX250,8.0,512.0,0.0,14.0,fhd,125000,-0.3544156979204387
dell,G3 G3500,I5G10,144.0,NVIDIA GTX 1660TI,16.0,512.0,0.0,16.0,fhd_touch,135000,-0.20395964187121568
dell,Inspiron 7405 2-in-1,I7,144.0,Intel,16.0,512.0,0.0,14.0,fhd,135000,-0.20395964187121568
dell,XPS 13 7390,I5G10,144.0,Intel,8.0,256.0,0.0,13.0,fhd,140000,-0.12873161384660417
dell,Inspiron 7391,I7G10,144.0,NVIDIA MX250,8.0,512.0,0.0,13.0,fhd,148000,-0.00836676900722574
dell,Inspiron 7591,I7G9,144.0,GTX 1650 Graphics Card,16.0,512.0,0.0,16.0,fhd,155000,0.09695247022723039
dell,G3 G3590,I7G9,144.0,NVIDIA GTX 1660Ti,16.0,256.0,1024.0,16.0,fhd,156000,0.11199807583215268
dell,Inspiron 7490,I7G10,144.0,NVIDIA MX250 Graphics,16.0,512.0,0.0,14.0,fhd,156000,0.11199807583215268
dell,G5 15 SE 2020 Gaming Laptop,I7,144.0,AMD RX 5600M 6144MB,8.0,512.0,0.0,16.0,4k_touch,158000,0.14208928704199728
dell,Inspiron 7391 2-in-1,I7G10,144.0,Intel,16.0,512.0,0.0,13.0,fhd,160000,0.1721804982518419
dell,Vostro 7500,I7G10,144.0,GTX 1650ti Graphics Card,16.0,1024.0,0.0,16.0,fhd,175000,0.39786458232567645
dell,XPS 13 7390,I7G10,144.0,Intel,16.0,512.0,0.0,13.0,fhd,185000,0.5483206383748994
dell,XPS 15 7590,I7G9,144.0,GTX 1650,16.0,256.0,0.0,16.0,4k_touch,195000,0.6987766944241225
dell,XPS 13 7390,I7G10,144.0,Intel,16.0,512.0,0.0,13.0,fhd_touch,200000,0.774004722448734
dell,XPS 13 7390 2-in-1,I7G10,300.0,Intel,16.0,512.0,0.0,13.0,fhd,200000,0.774004722448734
dell,Alienware M15 R3,I7G10,144.0,RTX 2070 SUPER,16.0,512.0,0.0,16.0,fhd_touch,310000,2.429021338990187
hp,ProBook 11 G3 EE x360 2-in-1,celeron,60.0,Intel,4.0,128.0,0.0,12.0,hd,47000,-1.5279729351043783
hp,Notebook 14-CF3065TU,I3G10,60.0,Intel,4.0,0.0,1024.0,14.0,hd,59000,-1.3474256678453107
hp,Notebook 14-DK1025WM,ryzen3,60.0,Intel,8.0,256.0,0.0,14.0,hd,60000,-1.3323800622403883
hp,Pavilion X360,I3G10,60.0,Intel,8.0,128.0,0.0,14.0,hd,72000,-1.1518327949813207
hp,Notebook 14-DQ1059,I5G10,60.0,Intel,8.0,256.0,0.0,14.0,hd,79000,-1.0465135557468646
hp,Laptop 15-dy2045nr,I5G11,144.0,Intel,8.0,256.0,0.0,16.0,fhd,88000,-0.9111031053025639
hp,Notebook 14-CE3056TX,I5G10,144.0,NVIDIA MX130,4.0,0.0,1024.0,14.0,fhd,89000,-0.8960574996976416
hp,Pavilion 15-EH0090,ryzen5,60.0,AMD VEGA 8,8.0,512.0,0.0,16.0,hd,97000,-0.7756926548582632
hp,Laptop 15s-du2045TX,I7G10,144.0,NVIDIA MX330 2GB,8.0,0.0,1024.0,16.0,fhd,105000,-0.6553278100188847
hp,Pavilion Power 15 2020,ryzen5,144.0,GTX 1650,8.0,256.0,0.0,16.0,fhd_touch,108000,-0.6101909932041178
hp,Pavilion 15-EF1013,I7,144.0,AMD Vega 8,8.0,512.0,0.0,16.0,fhd_touch,112000,-0.5500085707844287
hp,Pavilion X360 2020,I5G11,144.0,Intel,8.0,512.0,0.0,14.0,fhd,115000,-0.5048717539696618
hp,Envy 13 2021,I5G11,144.0,Intel,8.0,256.0,0.0,13.0,fhd_touch,120000,-0.42964372594505024
hp,Envy x360 13M,I7G11,144.0,Intel,8.0,512.0,0.0,13.0,fhd_touch,140000,-0.12873161384660417
hp,Spectre 13 x360,I5G10,144.0,Intel,8.0,256.0,0.0,13.0,4k_touch,142000,-0.09864040263675956
hp,Envy 13 2020,I7G10,144.0,Intel,8.0,512.0,0.0,13.0,fhd,148000,-0.00836676900722574
hp,Omen 15 2020,I7,144.0,GTX 1660Ti,8.0,512.0,0.0,16.0,fhd,160000,0.1721804982518419
hp,Omen 15 2020,I7,144.0,GTX 1660Ti,16.0,1024.0,0.0,16.0,fhd_touch,175000,0.39786458232567645
hp,Spectre 13,I7G10,144.0,Intel,8.0,512.0,0.0,13.0,4k,185000,0.5483206383748994
hp,Spectre 15 x360,I7G10,144.0,MX 250,16.0,512.0,0.0,16.0,fhd,225000,1.1501448625717916
msi,Modern 14 A10RB,I5G10,144.0,MX250,8.0,512.0,0.0,16.0,fhd,122000,-0.3995525147352056
msi,Modern 15 A10RAS,I5G10,144.0,MX330,8.0,512.0,0.0,16.0,fhd,122000,-0.3995525147352056
msi,GF63 9SCSR,I5G9,144.0,GTX 1650Ti,8.0,512.0,0.0,16.0,fhd,135000,-0.20395964187121568
msi,Modern 14 A10RB,I7G10,144.0,MX250,8.0,512.0,0.0,16.0,fhd,135000,-0.20395964187121568
msi,Modern 15 A10RAS,I7G10,144.0,MX330,8.0,512.0,0.0,16.0,fhd,135000,-0.20395964187121568
msi,GL65 9SCK,I5G9,144.0,GTX 1650,8.0,512.0,0.0,16.0,fhd,145000,-0.05350358582199265
msi,GF75 9SC,I7G9,144.0,GTX 1650,8.0,128.0,1024.0,17.0,fhd,148000,-0.00836676900722574
msi,GF63 Thin 10SCXR,I7G10,120.0,GTX 1650,8.0,512.0,0.0,16.0,fhd,152000,0.05181565341246347
msi,GL65 9SCK,I7G9,144.0,GTX 1650,8.0,512.0,0.0,16.0,fhd,160000,0.1721804982518419
msi,GF63 Thin 10SCSR,I7G10,144.0,GTX 1650Ti,8.0,512.0,0.0,16.0,fhd,162000,0.2022717094616865
msi,GE 63VR Raider,I7G8,120.0,GTX 1060,16.0,256.0,1024.0,16.0,fhd,165000,0.2474085262764534
msi,GF65 10SDR,I5G10,120.0,GTX 1660Ti,8.0,512.0,0.0,16.0,fhd,168000,0.2925453430912203
msi,GF65 9SD,I7G9,144.0,GTX 1660Ti,16.0,512.0,0.0,16.0,fhd,170000,0.3226365543010649
msi,Prestige 14 A10RAS Rose Pink,I7G10,144.0,MX330,16.0,512.0,0.0,14.0,fhd,180000,0.47309261035028793
msi,GF65 10SDR,I7G10,120.0,GTX 1660Ti,8.0,512.0,0.0,16.0,fhd,183000,0.5182294271650548
msi,GL65 9SDK,I7G9,120.0,GTX 1660Ti,16.0,256.0,1024.0,16.0,fhd,185000,0.5483206383748994
msi,GF65 10SDR,I7G10,144.0,GTX 1660Ti,16.0,512.0,0.0,16.0,fhd,185000,0.5483206383748994
msi,Prestige 14 10SC,I7G10,144.0,GTX 1650,16.0,512.0,0.0,14.0,fhd,188000,0.5934574551896664
msi,GF65 10SER,I7G10,144.0,RTX 2060,16.0,512.0,0.0,16.0,fhd,195000,0.6987766944241225
msi,GL75 Leopard 10SDR,I7G10,144.0,GTX 1660Ti,16.0,512.0,0.0,16.0,fhd,205000,0.8492327504733456
msi,GP65 Leopard 10SDK,I7G10,120.0,GTX 1660Ti,16.0,512.0,0.0,16.0,fhd,205000,0.8492327504733456
msi,GL65 Leopard 10SDK,I7G10,144.0,GTX 1660Ti,16.0,256.0,1024.0,16.0,fhd,208000,0.8943695672881125
msi,GL65 Leopard 10SDK,I7G10,144.0,GTX 1660Ti,16.0,256.0,1024.0,16.0,fhd,215000,0.9996888065225685
msi,GL65 Leopard 10SEK,I7G10,144.0,RTX 2060,16.0,256.0,1024.0,16.0,fhd,227000,1.1802360737816362
msi,GS65 Stealth Thin 9SD,I7G9,144.0,GTX 1660Ti,16.0,512.0,0.0,16.0,fhd,230000,1.2253728905964032
msi,PS65 Creator 9SD,I7G9,144.0,GTX 1660Ti,32.0,1024.0,0.0,16.0,4k,240000,1.3758289466456262
msi,Prestige 15 A10SC,I7G10,144.0,GTX 1650,16.0,1024.0,0.0,16.0,fhd,240000,1.3758289466456262
msi,GP65 Leopard 10SFK,I7G10,240.0,RTX 2070,16.0,512.0,1024.0,16.0,fhd,255000,1.6015130307194607
msi,GE65 Raider 9SE,I7G9,144.0,RTX 2060,16.0,1024.0,0.0,16.0,fhd,260000,1.676741058744072
msi,PS65 Creator 9SE,I7G9,144.0,RTX 2060,32.0,1024.0,0.0,16.0,fhd,260000,1.676741058744072
msi,GP65 Leopard 10SFK,I7G10,144.0,RTX 2070,32.0,0.0,0.0,16.0,fhd,270000,1.8271971147932953
msi,GP65 Leopard 10SFK,I7G10,144.0,RTX 2070,32.0,512.0,1024.0,16.0,fhd,280000,1.9776531708425182
msi,GS65 Stealth,I7G9,144.0,GTX RTX 2070,16.0,1024.0,0.0,17.0,fhd,280000,1.9776531708425182
msi,GS66 Stealth 10SD Thin,I7G10,240.0,GTX 1660Ti,16.0,512.0,0.0,16.0,fhd,295000,2.203337254916353
msi,GE66 Raider 10SF,I7G10,240.0,RTX 2070,16.0,1024.0,0.0,16.0,fhd,306000,2.368838916570498
msi,GS65 Stealth Thin 9SF,I7G9,240.0,GTX 2070,16.0,1024.0,1024.0,16.0,fhd,310000,2.429021338990187
msi,GS65 Raider 9SF,I7G9,144.0,GTX 2070,16.0,1024.0,0.0,16.0,fhd,310000,2.429021338990187
msi,GE75 Raider,I7G9,240.0,RTX 2080,32.0,512.0,0.0,17.0,fhd,350000,3.0308455631870794
msi,GE66 Raider 10SFS,I7G10,240.0,RTX 2070 SUPER,16.0,2048.0,0.0,16.0,fhd,370000,3.3317576752855254
msi,GE66 Raider 10SFS,I9,300.0,RTX 2070 SUPER,16.0,1024.0,0.0,16.0,fhd,370000,3.3317576752855254
msi,GS66 Stealth 10SFS Thin,I7G10,144.0,RTX 2070,32.0,1024.0,0.0,16.0,4k,395000,3.707897815408583
msi,Creator 15 A10SFS,I7G10,144.0,RTX 2070 SUPER MAX-Q,32.0,1024.0,0.0,16.0,4k,450000,4.5354061236793095
